index,Core Density,CC AB,F1,Team Size,Self Activation Status
75_Yes_Network_1,75,-1.0,1.0,2,Yes
75_Yes_Network_2,75,-0.7515130994029163,0.8757566666666665,2,Yes
75_Yes_Network_3,75,-1.0,1.0,2,Yes
75_Yes_Network_4,75,-1.0,1.0,2,Yes
75_Yes_Network_5,75,-1.0,1.0,2,Yes
75_Yes_Network_6,75,-1.0,1.0,2,Yes
75_Yes_Network_7,75,-0.7151241360880446,0.75017,2,Yes
75_Yes_Network_8,75,-0.7494584497019203,0.87473,2,Yes
75_Yes_Network_9,75,-0.7130948542345167,0.74978,2,Yes
75_Yes_Network_10,75,-1.0,1.0,2,Yes
75_Yes_Network_11,75,-0.7481580640976911,0.8740766666666668,2,Yes
75_Yes_Network_12,75,-0.7147219134525314,0.7502066666666666,2,Yes
75_Yes_Network_13,75,-0.7137683061177963,0.7492099999999999,2,Yes
75_Yes_Network_14,75,-1.0,1.0,2,Yes
75_Yes_Network_15,75,-1.0,1.0,2,Yes
75_Yes_Network_16,75,-1.0,1.0,2,Yes
75_Yes_Network_17,75,-1.0,1.0,2,Yes
75_Yes_Network_18,75,-1.0,1.0,2,Yes
75_Yes_Network_19,75,-0.7509760703746508,0.8754833333333334,2,Yes
75_Yes_Network_20,75,-1.0,1.0,2,Yes
75_Yes_Network_21,75,-1.0,1.0,2,Yes
75_Yes_Network_22,75,-1.0,1.0,2,Yes
75_Yes_Network_23,75,-1.0,1.0,2,Yes
75_Yes_Network_24,75,-1.0,1.0,2,Yes
75_Yes_Network_25,75,-1.0,1.0,2,Yes
75_Yes_Network_26,75,-1.0,1.0,2,Yes
75_Yes_Network_27,75,-1.0,1.0,2,Yes
75_Yes_Network_28,75,-1.0,1.0,2,Yes
75_Yes_Network_29,75,-1.0,1.0,2,Yes
75_Yes_Network_30,75,-1.0,1.0,2,Yes
75_Yes_Network_31,75,-0.7499543352469963,0.87497,2,Yes
75_Yes_Network_32,75,-0.7496374178300106,0.8748166666666666,2,Yes
75_Yes_Network_33,75,-1.0,1.0,2,Yes
75_Yes_Network_34,75,-1.0,1.0,2,Yes
75_Yes_Network_35,75,-1.0,1.0,2,Yes
75_Yes_Network_36,75,-1.0,1.0,2,Yes
75_Yes_Network_37,75,-0.715871537912806,0.7497066666666665,2,Yes
75_Yes_Network_38,75,-1.0,1.0,2,Yes
75_Yes_Network_39,75,-1.0,1.0,2,Yes
75_Yes_Network_40,75,-1.0,1.0,2,Yes
75_Yes_Network_41,75,-0.7518576767754294,0.8759233333333333,2,Yes
75_Yes_Network_42,75,-0.748774069226166,0.8743766666666666,2,Yes
75_Yes_Network_43,75,-1.0,1.0,2,Yes
75_Yes_Network_44,75,-1.0,1.0,2,Yes
75_Yes_Network_45,75,-1.0,1.0,2,Yes
75_Yes_Network_46,75,-0.7134798845752576,0.7498266666666666,2,Yes
75_Yes_Network_47,75,-0.715453213350751,0.7503566666666666,2,Yes
75_Yes_Network_48,75,-1.0,1.0,2,Yes
75_Yes_Network_49,75,-1.0,1.0,2,Yes
75_Yes_Network_50,75,-1.0,1.0,2,Yes
75_Yes_Network_51,75,-1.0,1.0,2,Yes
75_Yes_Network_52,75,-1.0,1.0,2,Yes
75_Yes_Network_53,75,-1.0,1.0,2,Yes
75_Yes_Network_54,75,-1.0,1.0,2,Yes
75_Yes_Network_55,75,-1.0,1.0,2,Yes
75_Yes_Network_56,75,-1.0,1.0,2,Yes
75_Yes_Network_57,75,-0.7147496417308551,0.7503466666666666,2,Yes
75_Yes_Network_58,75,-1.0,1.0,2,Yes
75_Yes_Network_59,75,-1.0,1.0,2,Yes
75_Yes_Network_60,75,-1.0,1.0,2,Yes
75_Yes_Network_61,75,-1.0,1.0,2,Yes
75_Yes_Network_62,75,-1.0,1.0,2,Yes
75_Yes_Network_63,75,-1.0,1.0,2,Yes
75_Yes_Network_64,75,-1.0,1.0,2,Yes
77_Yes_Network_1,77,-1.0,1.0,3,Yes
77_Yes_Network_2,77,-0.9995395876908076,0.9375133333333332,3,Yes
77_Yes_Network_3,77,-1.0,0.9999999999999998,3,Yes
77_Yes_Network_4,77,-1.0,1.0,3,Yes
77_Yes_Network_5,77,-0.9999398133235566,0.9685733333333332,3,Yes
77_Yes_Network_6,77,-1.0,1.0,3,Yes
77_Yes_Network_7,77,-0.9999403032377336,0.96866,3,Yes
77_Yes_Network_8,77,-1.0,0.9999999999999998,3,Yes
77_Yes_Network_9,77,-1.0,1.0,3,Yes
77_Yes_Network_10,77,-1.0,1.0,3,Yes
77_Yes_Network_11,77,-0.9995411090987596,0.9375966666666666,3,Yes
77_Yes_Network_12,77,-0.999524883874832,0.93686,3,Yes
77_Yes_Network_13,77,-1.0,1.0,3,Yes
77_Yes_Network_14,77,-0.9998068359114174,0.9534466666666666,3,Yes
77_Yes_Network_15,77,-1.0,1.0,3,Yes
77_Yes_Network_16,77,-0.9999389930828928,0.96843,3,Yes
77_Yes_Network_17,77,-1.0,1.0,3,Yes
77_Yes_Network_18,77,-0.9997823067383153,0.95152,3,Yes
77_Yes_Network_19,77,-0.9999405475172828,0.9687033333333332,3,Yes
77_Yes_Network_20,77,-1.0,1.0,3,Yes
77_Yes_Network_21,77,-1.0,1.0,3,Yes
77_Yes_Network_22,77,-0.99853400424654,0.90736,3,Yes
77_Yes_Network_23,77,-1.0,0.8910966666666666,3,Yes
77_Yes_Network_24,77,-1.0,1.0,3,Yes
77_Yes_Network_25,77,-1.0,1.0,3,Yes
77_Yes_Network_26,77,-0.9999411561056922,0.9688066666666668,3,Yes
77_Yes_Network_27,77,-1.0,1.0,3,Yes
77_Yes_Network_28,77,-1.0,0.93804,3,Yes
77_Yes_Network_29,77,-1.0,1.0,3,Yes
77_Yes_Network_30,77,-0.9998270933022064,0.95516,3,Yes
77_Yes_Network_31,77,-1.0,0.9473833333333332,3,Yes
77_Yes_Network_32,77,-0.9995325051256732,0.9371966666666663,3,Yes
77_Yes_Network_33,77,-1.0,1.0,3,Yes
77_Yes_Network_34,77,-1.0,0.9275366666666666,3,Yes
77_Yes_Network_35,77,-1.0,1.0,3,Yes
77_Yes_Network_36,77,-1.0,1.0,3,Yes
77_Yes_Network_37,77,-0.9993102747494008,0.8900966666666665,3,Yes
77_Yes_Network_38,77,-0.9999410986451868,0.9688033333333332,3,Yes
77_Yes_Network_39,77,-0.932982556962347,0.9063966666666669,3,Yes
77_Yes_Network_40,77,-0.9999397400211804,0.96856,3,Yes
77_Yes_Network_41,77,-0.9999390549312768,0.9684433333333332,3,Yes
77_Yes_Network_42,77,-1.0,1.0,3,Yes
77_Yes_Network_43,77,-0.9998225956092291,0.95476,3,Yes
77_Yes_Network_44,77,-1.0,1.0,3,Yes
77_Yes_Network_45,77,-1.0,1.0,3,Yes
77_Yes_Network_46,77,-0.9965883983406864,0.8646766666666668,3,Yes
77_Yes_Network_47,77,-0.9999394761750116,0.96851,3,Yes
77_Yes_Network_48,77,-0.998089330830738,0.8985900000000001,3,Yes
77_Yes_Network_49,77,-0.9999405849244226,0.9687066666666666,3,Yes
77_Yes_Network_50,77,-0.9985409435889824,0.9075133333333332,3,Yes
77_Yes_Network_51,77,-1.0,1.0,3,Yes
77_Yes_Network_52,77,-1.0,1.0,3,Yes
77_Yes_Network_53,77,-0.9999395662463568,0.9685333333333332,3,Yes
77_Yes_Network_54,77,-0.99994472171195,0.9694633333333332,3,Yes
77_Yes_Network_55,77,-1.0,1.0,3,Yes
77_Yes_Network_56,77,-1.0,0.95315,3,Yes
77_Yes_Network_57,77,-0.9999421550154336,0.9689866666666668,3,Yes
77_Yes_Network_58,77,-0.99952512958913,0.9368633333333332,3,Yes
77_Yes_Network_59,77,-1.0,1.0,3,Yes
77_Yes_Network_60,77,-0.9999386459539138,0.96837,3,Yes
77_Yes_Network_61,77,-0.9999458486828664,0.9696766666666664,3,Yes
77_Yes_Network_62,77,-0.916614022429496,0.77929,3,Yes
77_Yes_Network_63,77,-1.0,1.0,3,Yes
77_Yes_Network_64,77,-1.0,1.0,3,Yes
77_Yes_Network_65,77,-1.0,1.0,3,Yes
77_Yes_Network_66,77,-1.0,1.0,3,Yes
77_Yes_Network_67,77,-1.0,1.0,3,Yes
77_Yes_Network_68,77,-0.999937893796414,0.9682366666666666,3,Yes
77_Yes_Network_69,77,-1.0,1.0,3,Yes
77_Yes_Network_70,77,-0.9982006674194416,0.8743033333333332,3,Yes
77_Yes_Network_71,77,-0.9973715557616832,0.8753399999999999,3,Yes
77_Yes_Network_72,77,-1.0,1.0,3,Yes
77_Yes_Network_73,77,-0.9999422687701874,0.9690166666666666,3,Yes
77_Yes_Network_74,77,-0.9953703341322708,0.8510399999999999,3,Yes
77_Yes_Network_75,77,-0.9995417628647028,0.9376233333333333,3,Yes
77_Yes_Network_76,77,-0.9999387086382716,0.96838,3,Yes
77_Yes_Network_77,77,-1.0,1.0,3,Yes
77_Yes_Network_78,77,-0.9995126171904788,0.9363,3,Yes
77_Yes_Network_79,77,-1.0,0.9525066666666666,3,Yes
77_Yes_Network_80,77,-1.0,1.0,3,Yes
77_Yes_Network_81,77,-1.0,0.9686733333333332,3,Yes
77_Yes_Network_82,77,-1.0,1.0,3,Yes
77_Yes_Network_83,77,-0.9306539498683124,0.8755299999999999,3,Yes
77_Yes_Network_84,77,-1.0,1.0,3,Yes
77_Yes_Network_85,77,-1.0,1.0,3,Yes
77_Yes_Network_86,77,-0.9999395686050382,0.96854,3,Yes
77_Yes_Network_87,77,-1.0,1.0,3,Yes
77_Yes_Network_88,77,-0.99468522291538,0.8444866666666666,3,Yes
77_Yes_Network_89,77,-1.0,1.0,3,Yes
77_Yes_Network_90,77,-1.0,1.0,3,Yes
77_Yes_Network_91,77,-1.0,1.0,3,Yes
77_Yes_Network_92,77,-1.0,1.0,3,Yes
77_Yes_Network_93,77,-1.0,1.0,3,Yes
77_Yes_Network_94,77,-0.9977657252722844,0.8589166666666668,3,Yes
77_Yes_Network_95,77,-0.9999418893575572,0.9689433333333332,3,Yes
77_Yes_Network_96,77,-0.9995328640157618,0.93722,3,Yes
77_Yes_Network_97,77,-0.9995181938968384,0.9365566666666666,3,Yes
77_Yes_Network_98,77,-1.0,1.0,3,Yes
77_Yes_Network_99,77,-1.0,0.9269366666666666,3,Yes
77_Yes_Network_100,77,-0.9952595979078228,0.8615366666666666,3,Yes
81_Yes_Network_1,81,-1.0,0.9895333333333334,4,Yes
81_Yes_Network_2,81,-1.0,0.9927233333333332,4,Yes
81_Yes_Network_3,81,-0.9999716211726792,0.9755866666666666,4,Yes
81_Yes_Network_4,81,-0.999925065788355,0.9678966666666666,4,Yes
81_Yes_Network_5,81,-1.0,1.0,4,Yes
81_Yes_Network_6,81,-1.0,1.0,4,Yes
81_Yes_Network_7,81,-0.9999336165745722,0.96752,4,Yes
81_Yes_Network_8,81,-0.9999911480696656,0.9840733333333334,4,Yes
81_Yes_Network_9,81,-0.9999071137717056,0.9634166666666666,4,Yes
81_Yes_Network_10,81,-0.9994825563481377,0.93739,4,Yes
81_Yes_Network_11,81,-1.0,1.0,4,Yes
81_Yes_Network_12,81,-0.999976402718456,0.97645,4,Yes
81_Yes_Network_13,81,-1.0,1.0,4,Yes
81_Yes_Network_14,81,-0.9999699260933088,0.9764766666666668,4,Yes
81_Yes_Network_15,81,-0.999985767264704,0.9809166666666668,4,Yes
81_Yes_Network_16,81,-1.0,1.0,4,Yes
81_Yes_Network_17,81,-1.0,0.9843433333333332,4,Yes
81_Yes_Network_18,81,-1.0,0.9999999999999998,4,Yes
81_Yes_Network_19,81,-0.9998019549556456,0.9509033333333332,4,Yes
81_Yes_Network_20,81,-1.0,0.9736433333333334,4,Yes
81_Yes_Network_21,81,-1.0,1.0,4,Yes
81_Yes_Network_22,81,-1.0,1.0,4,Yes
81_Yes_Network_23,81,-1.0,1.0,4,Yes
81_Yes_Network_24,81,-1.0,1.0,4,Yes
81_Yes_Network_25,81,-1.0,1.0,4,Yes
81_Yes_Network_26,81,-1.0,0.98642,4,Yes
81_Yes_Network_27,81,-0.99994301127842,0.97014,4,Yes
81_Yes_Network_28,81,-0.9999432578738188,0.96924,4,Yes
81_Yes_Network_29,81,-0.9999930795678256,0.9847866666666666,4,Yes
81_Yes_Network_30,81,-1.0,1.0,4,Yes
81_Yes_Network_31,81,-1.0,0.99199,4,Yes
81_Yes_Network_32,81,-1.0,1.0,4,Yes
81_Yes_Network_33,81,-1.0,1.0,4,Yes
81_Yes_Network_34,81,-0.9999912559365864,0.9835566666666666,4,Yes
81_Yes_Network_35,81,-1.0,1.0,4,Yes
81_Yes_Network_36,81,-0.9999653982572088,0.9739,4,Yes
81_Yes_Network_37,81,-0.9999989847638828,0.9919833333333332,4,Yes
81_Yes_Network_38,81,-1.0,1.0000000000000002,4,Yes
81_Yes_Network_39,81,-1.0,0.97429,4,Yes
81_Yes_Network_40,81,-0.999997367817696,0.9889966666666664,4,Yes
81_Yes_Network_41,81,-1.0,0.98997,4,Yes
81_Yes_Network_42,81,-1.0,1.0,4,Yes
81_Yes_Network_43,81,-1.0,1.0,4,Yes
81_Yes_Network_44,81,-0.9999699701108874,0.97648,4,Yes
81_Yes_Network_45,81,-0.9998422408080676,0.9586966666666664,4,Yes
81_Yes_Network_46,81,-0.9999862078282382,0.9711433333333332,4,Yes
81_Yes_Network_47,81,-1.0,1.0,4,Yes
81_Yes_Network_48,81,-0.9999832793184806,0.9795533333333332,4,Yes
81_Yes_Network_49,81,-0.9993077866582196,0.9253133333333332,4,Yes
81_Yes_Network_50,81,-0.999993174600155,0.98486,4,Yes
81_Yes_Network_51,81,-1.0,1.0,4,Yes
81_Yes_Network_52,81,-1.0,1.0,4,Yes
81_Yes_Network_53,81,-1.0,0.9923766666666668,4,Yes
81_Yes_Network_54,81,-1.0,1.0,4,Yes
81_Yes_Network_55,81,-0.999998894580406,0.9917666666666668,4,Yes
81_Yes_Network_56,81,-0.9992436830942129,0.9301833333333334,4,Yes
81_Yes_Network_57,81,-0.99999905118445,0.99217,4,Yes
81_Yes_Network_58,81,-1.0,1.0,4,Yes
81_Yes_Network_59,81,-1.0,1.0,4,Yes
81_Yes_Network_60,81,-0.9999484070244145,0.97015,4,Yes
81_Yes_Network_61,81,-1.0,0.9892333333333332,4,Yes
81_Yes_Network_62,81,-0.9997418722946982,0.94551,4,Yes
81_Yes_Network_63,81,-0.9999990599137888,0.99219,4,Yes
81_Yes_Network_64,81,-1.0,0.9892633333333332,4,Yes
81_Yes_Network_65,81,-0.9998860528766818,0.9614166666666668,4,Yes
81_Yes_Network_66,81,-1.0,1.0,4,Yes
81_Yes_Network_67,81,-1.0,1.0,4,Yes
81_Yes_Network_68,81,-0.9999772734451576,0.9780333333333332,4,Yes
81_Yes_Network_69,81,-1.0,1.0,4,Yes
81_Yes_Network_70,81,-1.0,0.9836233333333332,4,Yes
81_Yes_Network_71,81,-1.0,0.9999999999999998,4,Yes
81_Yes_Network_72,81,-0.9999312897178122,0.9684233333333332,4,Yes
81_Yes_Network_73,81,-0.999975310895392,0.9775233333333332,4,Yes
81_Yes_Network_74,81,-0.9999744010402636,0.9764266666666666,4,Yes
81_Yes_Network_75,81,-1.0,1.0,4,Yes
81_Yes_Network_76,81,-0.999995721592003,0.9794033333333332,4,Yes
81_Yes_Network_77,81,-0.9999907939759056,0.9839066666666666,4,Yes
81_Yes_Network_78,81,-0.9999990546386478,0.99219,4,Yes
81_Yes_Network_79,81,-0.9999914575257924,0.9843066666666668,4,Yes
81_Yes_Network_80,81,-0.9999924650537532,0.98495,4,Yes
81_Yes_Network_81,81,-1.0,1.0,4,Yes
81_Yes_Network_82,81,-1.0,1.0,4,Yes
81_Yes_Network_83,81,-0.9997501628782322,0.9518833333333332,4,Yes
81_Yes_Network_84,81,-1.0,1.0,4,Yes
81_Yes_Network_85,81,-0.9999696675006088,0.9760433333333334,4,Yes
81_Yes_Network_86,81,-1.0,1.0,4,Yes
81_Yes_Network_87,81,-0.999702287965906,0.9448166666666666,4,Yes
81_Yes_Network_88,81,-0.9999912351593832,0.9841766666666666,4,Yes
81_Yes_Network_89,81,-0.9999926213046948,0.9844466666666668,4,Yes
81_Yes_Network_90,81,-1.0,0.99228,4,Yes
81_Yes_Network_91,81,-1.0,1.0,4,Yes
81_Yes_Network_92,81,-1.0,1.0,4,Yes
81_Yes_Network_93,81,-1.0,0.9881033333333332,4,Yes
81_Yes_Network_94,81,-0.9998933390936796,0.9564233333333332,4,Yes
81_Yes_Network_95,81,-0.9999639011528324,0.97158,4,Yes
81_Yes_Network_96,81,-1.0,1.0,4,Yes
81_Yes_Network_97,81,-1.0,1.0,4,Yes
81_Yes_Network_98,81,-1.0,1.0,4,Yes
81_Yes_Network_99,81,-0.9999533134509524,0.9726933333333332,4,Yes
81_Yes_Network_100,81,-1.0,1.0,4,Yes
80_Yes_Network_1,80,-0.9999986719585536,0.9918333333333332,5,Yes
80_Yes_Network_2,80,-0.9999934967405588,0.9775966666666668,5,Yes
80_Yes_Network_3,80,-1.0,1.0,5,Yes
80_Yes_Network_4,80,-0.9999845168510134,0.9808666666666668,5,Yes
80_Yes_Network_5,80,-1.0,1.0,5,Yes
80_Yes_Network_6,80,-0.9999979654480612,0.98851,5,Yes
80_Yes_Network_7,80,-0.9999944577815794,0.9858399999999998,5,Yes
80_Yes_Network_8,80,-1.0,1.0,5,Yes
80_Yes_Network_9,80,-0.9999841713020046,0.9778633333333332,5,Yes
80_Yes_Network_10,80,-1.0,0.9957833333333332,5,Yes
80_Yes_Network_11,80,-0.9999999845300928,0.9980066666666668,5,Yes
80_Yes_Network_12,80,-0.9999997121391728,0.99475,5,Yes
80_Yes_Network_13,80,-1.0,1.0,5,Yes
80_Yes_Network_14,80,-1.0,1.0,5,Yes
80_Yes_Network_15,80,-0.9999834991741644,0.98017,5,Yes
80_Yes_Network_16,80,-0.9999749010816836,0.97773,5,Yes
80_Yes_Network_17,80,-1.0,1.0,5,Yes
80_Yes_Network_18,80,-1.0,1.0,5,Yes
80_Yes_Network_19,80,-1.0,1.0,5,Yes
80_Yes_Network_20,80,-1.0,1.0,5,Yes
80_Yes_Network_21,80,-1.0,0.9999999999999998,5,Yes
80_Yes_Network_22,80,-0.9999999006969512,0.9963133333333332,5,Yes
80_Yes_Network_23,80,-0.9999999833509534,0.9979633333333332,5,Yes
80_Yes_Network_24,80,-0.9999987862865948,0.99147,5,Yes
80_Yes_Network_25,80,-1.0,1.0,5,Yes
80_Yes_Network_26,80,-1.0,1.0,5,Yes
80_Yes_Network_27,80,-1.0,1.0,5,Yes
80_Yes_Network_28,80,-0.999999891922658,0.9961966666666666,5,Yes
80_Yes_Network_29,80,-1.0,0.9999999999999998,5,Yes
80_Yes_Network_30,80,-0.9999891878177728,0.9762466666666666,5,Yes
80_Yes_Network_31,80,-0.99999998796982,0.99817,5,Yes
80_Yes_Network_32,80,-0.9999954079563108,0.98739,5,Yes
80_Yes_Network_33,80,-1.0,1.0,5,Yes
80_Yes_Network_34,80,-0.9999992950974042,0.9933866666666666,5,Yes
80_Yes_Network_35,80,-0.9999987670436216,0.99201,5,Yes
80_Yes_Network_36,80,-0.9999998746678558,0.9950333333333332,5,Yes
80_Yes_Network_37,80,-0.9999981808034074,0.9902566666666668,5,Yes
80_Yes_Network_38,80,-0.9999964193863624,0.98794,5,Yes
80_Yes_Network_39,80,-0.9999998871873818,0.9961366666666668,5,Yes
80_Yes_Network_40,80,-0.999996072940137,0.9882566666666668,5,Yes
80_Yes_Network_41,80,-1.0,1.0,5,Yes
80_Yes_Network_42,80,-0.9999918207361012,0.9847433333333332,5,Yes
80_Yes_Network_43,80,-0.9999989653088474,0.9919266666666666,5,Yes
80_Yes_Network_44,80,-0.99999998315839,0.99795,5,Yes
80_Yes_Network_45,80,-0.999981887826557,0.9789333333333332,5,Yes
80_Yes_Network_46,80,-1.0,1.0,5,Yes
80_Yes_Network_47,80,-0.999975382507454,0.9770566666666664,5,Yes
80_Yes_Network_48,80,-1.0,1.0,5,Yes
80_Yes_Network_49,80,-0.9999995354633338,0.99383,5,Yes
80_Yes_Network_50,80,-0.999999582154787,0.9944633333333333,5,Yes
80_Yes_Network_51,80,-0.9999877074246744,0.9808166666666668,5,Yes
80_Yes_Network_52,80,-1.0,1.0,5,Yes
80_Yes_Network_53,80,-1.0,1.0,5,Yes
80_Yes_Network_54,80,-1.0,1.0,5,Yes
80_Yes_Network_55,80,-0.9999999488032276,0.9970466666666666,5,Yes
80_Yes_Network_56,80,-0.9999986900679728,0.9912733333333332,5,Yes
80_Yes_Network_57,80,-1.0,1.0,5,Yes
80_Yes_Network_58,80,-0.9999954666404612,0.9877,5,Yes
80_Yes_Network_59,80,-0.9999997853189594,0.99523,5,Yes
80_Yes_Network_60,80,-1.0,1.0,5,Yes
80_Yes_Network_61,80,-0.9999983693518576,0.9911766666666668,5,Yes
80_Yes_Network_62,80,-0.9999999696169318,0.9975066666666664,5,Yes
80_Yes_Network_63,80,-1.0,0.9999999999999998,5,Yes
80_Yes_Network_64,80,-0.9999999015108286,0.99632,5,Yes
80_Yes_Network_65,80,-0.9999990868485612,0.9922366666666664,5,Yes
80_Yes_Network_66,80,-0.9999995998513742,0.9941233333333332,5,Yes
80_Yes_Network_67,80,-1.0,1.0,5,Yes
80_Yes_Network_68,80,-1.0,1.0,5,Yes
80_Yes_Network_69,80,-1.0,1.0,5,Yes
80_Yes_Network_70,80,-0.9999987394748058,0.99198,5,Yes
80_Yes_Network_71,80,-1.0,1.0,5,Yes
80_Yes_Network_72,80,-1.0,1.0,5,Yes
80_Yes_Network_73,80,-0.999999894918172,0.99624,5,Yes
80_Yes_Network_74,80,-1.0,1.0,5,Yes
80_Yes_Network_75,80,-1.0,1.0,5,Yes
80_Yes_Network_76,80,-0.9999999428678774,0.9969333333333332,5,Yes
80_Yes_Network_77,80,-1.0,1.0,5,Yes
80_Yes_Network_78,80,-1.0,1.0,5,Yes
80_Yes_Network_79,80,-0.9999984009675528,0.9906733333333334,5,Yes
80_Yes_Network_80,80,-0.999997100446773,0.9886,5,Yes
80_Yes_Network_81,80,-0.9999976991790668,0.9900466666666666,5,Yes
80_Yes_Network_82,80,-0.9999989295916862,0.9924166666666668,5,Yes
80_Yes_Network_83,80,-0.9999990761001784,0.99222,5,Yes
80_Yes_Network_84,80,-0.9999998282165116,0.9955699999999998,5,Yes
80_Yes_Network_85,80,-0.999999951396624,0.9970933333333332,5,Yes
80_Yes_Network_86,80,-0.9999996104695884,0.9941566666666668,5,Yes
80_Yes_Network_87,80,-0.9999999457915923,0.99698,5,Yes
80_Yes_Network_88,80,-0.9999998830602366,0.9960966666666666,5,Yes
80_Yes_Network_89,80,-0.999999878155214,0.99606,5,Yes
80_Yes_Network_90,80,-0.9999952532911393,0.98725,5,Yes
80_Yes_Network_91,80,-0.999998486771915,0.99084,5,Yes
80_Yes_Network_92,80,-1.0,1.0,5,Yes
80_Yes_Network_93,80,-1.0,0.99505,5,Yes
80_Yes_Network_94,80,-1.0,1.0,5,Yes
80_Yes_Network_95,80,-0.999999962558015,0.9973233333333332,5,Yes
80_Yes_Network_96,80,-1.0,1.0,5,Yes
80_Yes_Network_97,80,-0.999998653810134,0.9911866666666668,5,Yes
80_Yes_Network_98,80,-0.9999869928978348,0.98118,5,Yes
80_Yes_Network_99,80,-1.0,1.0,5,Yes
80_Yes_Network_100,80,-0.999999511948669,0.9937266666666666,5,Yes
80_Yes_Network_1,80,-0.999999996556632,0.9987933333333334,6,Yes
80_Yes_Network_2,80,-0.9999999380671134,0.9970133333333332,6,Yes
80_Yes_Network_3,80,-1.0,1.0,6,Yes
80_Yes_Network_4,80,-0.999996403724454,0.9872733333333332,6,Yes
80_Yes_Network_5,80,-1.0,1.0,6,Yes
80_Yes_Network_6,80,-1.0,1.0,6,Yes
80_Yes_Network_7,80,-1.0,0.9999999999999998,6,Yes
80_Yes_Network_8,80,-0.9999999877942308,0.9981566666666666,6,Yes
80_Yes_Network_9,80,-0.9999999994000384,0.9993233333333332,6,Yes
80_Yes_Network_10,80,-0.9999986131251194,0.9910533333333332,6,Yes
80_Yes_Network_11,80,-0.9999999905302148,0.9984233333333332,6,Yes
80_Yes_Network_12,80,-0.99999994970571,0.99712,6,Yes
80_Yes_Network_13,80,-1.0,1.0,6,Yes
80_Yes_Network_14,80,-0.9999999993720878,0.9993166666666666,6,Yes
80_Yes_Network_15,80,-1.0,1.0,6,Yes
80_Yes_Network_16,80,-1.0,1.0,6,Yes
80_Yes_Network_17,80,-1.0,1.0,6,Yes
80_Yes_Network_18,80,-1.0,0.9981866666666666,6,Yes
80_Yes_Network_19,80,-0.999999949778448,0.9970466666666666,6,Yes
80_Yes_Network_20,80,-1.0,1.0,6,Yes
80_Yes_Network_21,80,-0.9999999841707052,0.99806,6,Yes
80_Yes_Network_22,80,-0.9999999337241522,0.9967,6,Yes
80_Yes_Network_23,80,-0.9999999778685514,0.99775,6,Yes
80_Yes_Network_24,80,-0.9999999524319112,0.9968866666666666,6,Yes
80_Yes_Network_25,80,-0.99999946778669,0.99352,6,Yes
80_Yes_Network_26,80,-0.9999999876713748,0.9982266666666666,6,Yes
80_Yes_Network_27,80,-1.0,0.9999999999999998,6,Yes
80_Yes_Network_28,80,-1.0,1.0,6,Yes
80_Yes_Network_29,80,-0.9999929488631611,0.98513,6,Yes
80_Yes_Network_30,80,-1.0,1.0,6,Yes
80_Yes_Network_31,80,-1.0,0.9990733333333331,6,Yes
80_Yes_Network_32,80,-1.0,0.9990133333333332,6,Yes
80_Yes_Network_33,80,-1.0,1.0,6,Yes
80_Yes_Network_34,80,-0.9999999935265552,0.9985033333333332,6,Yes
80_Yes_Network_35,80,-0.9999999352553692,0.9969766666666666,6,Yes
80_Yes_Network_36,80,-1.0,1.0,6,Yes
80_Yes_Network_37,80,-0.9999998621190525,0.9955533333333332,6,Yes
80_Yes_Network_38,80,-1.0,0.99805,6,Yes
80_Yes_Network_39,80,-1.0,1.0,6,Yes
80_Yes_Network_40,80,-0.9999998835635742,0.9961266666666666,6,Yes
80_Yes_Network_41,80,-1.0,1.0,6,Yes
80_Yes_Network_42,80,-1.0,1.0,6,Yes
80_Yes_Network_43,80,-1.0,1.0,6,Yes
80_Yes_Network_44,80,-0.9999998061237728,0.9938733333333334,6,Yes
80_Yes_Network_45,80,-1.0,1.0,6,Yes
80_Yes_Network_46,80,-0.9999995746601976,0.9929766666666666,6,Yes
80_Yes_Network_47,80,-0.9999999895163298,0.99825,6,Yes
80_Yes_Network_48,80,-1.0,1.0,6,Yes
80_Yes_Network_49,80,-1.0,1.0,6,Yes
80_Yes_Network_50,80,-0.9999998804012972,0.99625,6,Yes
80_Yes_Network_51,80,-1.0,0.9999999999999998,6,Yes
80_Yes_Network_52,80,-1.0,1.0,6,Yes
80_Yes_Network_53,80,-1.0,1.0,6,Yes
80_Yes_Network_54,80,-1.0,1.0,6,Yes
80_Yes_Network_55,80,-1.0,0.9992133333333332,6,Yes
80_Yes_Network_56,80,-1.0,1.0,6,Yes
80_Yes_Network_57,80,-0.9999984438169596,0.99108,6,Yes
80_Yes_Network_58,80,-0.9999999719141784,0.9975966666666668,6,Yes
80_Yes_Network_59,80,-0.9999983651117008,0.9910833333333332,6,Yes
80_Yes_Network_60,80,-0.9999987266274298,0.99129,6,Yes
80_Yes_Network_61,80,-1.0,1.0,6,Yes
80_Yes_Network_62,80,-0.9999999346585882,0.9961033333333332,6,Yes
80_Yes_Network_63,80,-0.9999999950460242,0.99866,6,Yes
80_Yes_Network_64,80,-1.0,1.0,6,Yes
80_Yes_Network_65,80,-1.0,0.99884,6,Yes
80_Yes_Network_66,80,-1.0,0.99861,6,Yes
80_Yes_Network_67,80,-0.9999999841266964,0.9980566666666668,6,Yes
80_Yes_Network_68,80,-0.9999999541858886,0.9971,6,Yes
80_Yes_Network_69,80,-0.9999996956454654,0.9949966666666664,6,Yes
80_Yes_Network_70,80,-0.9999999394459288,0.9965333333333336,6,Yes
80_Yes_Network_71,80,-1.0,0.9967233333333332,6,Yes
80_Yes_Network_72,80,-0.999999984298904,0.9980266666666668,6,Yes
80_Yes_Network_73,80,-0.9999996347130852,0.9944733333333332,6,Yes
80_Yes_Network_74,80,-0.9999990229155548,0.99204,6,Yes
80_Yes_Network_75,80,-0.9999999976046324,0.9989166666666668,6,Yes
80_Yes_Network_76,80,-0.9999967213359072,0.98802,6,Yes
80_Yes_Network_77,80,-0.9999999967504428,0.9982066666666668,6,Yes
80_Yes_Network_78,80,-0.9999999283946288,0.99683,6,Yes
80_Yes_Network_79,80,-0.9999999217945408,0.9967733333333332,6,Yes
80_Yes_Network_80,80,-1.0,1.0,6,Yes
80_Yes_Network_81,80,-0.9999999329677928,0.99676,6,Yes
80_Yes_Network_82,80,-1.0,1.0,6,Yes
80_Yes_Network_83,80,-0.9999999674324084,0.9974033333333332,6,Yes
80_Yes_Network_84,80,-0.9999998005412482,0.9955533333333332,6,Yes
80_Yes_Network_85,80,-0.9999999995701628,0.99939,6,Yes
80_Yes_Network_86,80,-1.0,1.0,6,Yes
80_Yes_Network_87,80,-1.0,1.0,6,Yes
80_Yes_Network_88,80,-0.9999999579282466,0.9968733333333334,6,Yes
80_Yes_Network_89,80,-0.999999977167234,0.99782,6,Yes
80_Yes_Network_90,80,-1.0,1.0,6,Yes
80_Yes_Network_91,80,-0.999999970331478,0.9974766666666668,6,Yes
80_Yes_Network_92,80,-1.0,1.0,6,Yes
80_Yes_Network_93,80,-0.9999998796338242,0.9962366666666668,6,Yes
80_Yes_Network_94,80,-1.0,1.0,6,Yes
80_Yes_Network_95,80,-0.9999999997925324,0.99952,6,Yes
80_Yes_Network_96,80,-0.9999987168540948,0.9917666666666668,6,Yes
80_Yes_Network_97,80,-0.9999999296480276,0.99658,6,Yes
80_Yes_Network_98,80,-0.999999996249624,0.9987366666666666,6,Yes
80_Yes_Network_99,80,-0.9999971585169444,0.98918,6,Yes
80_Yes_Network_100,80,-0.9999999994096844,0.99932,6,Yes
79_Yes_Network_1,79,-1.0,1.0,7,Yes
79_Yes_Network_2,79,-1.0,1.0,7,Yes
79_Yes_Network_3,79,-1.0,1.0,7,Yes
79_Yes_Network_4,79,-1.0,0.9999999999999998,7,Yes
79_Yes_Network_5,79,-1.0,0.9999999999999998,7,Yes
79_Yes_Network_6,79,-1.0,1.0,7,Yes
79_Yes_Network_7,79,-0.9999999990521734,0.9992033333333334,7,Yes
79_Yes_Network_8,79,-0.9999999890840005,0.9982666666666666,7,Yes
79_Yes_Network_9,79,-1.0,1.0,7,Yes
79_Yes_Network_10,79,-0.999999998100654,0.9990333333333334,7,Yes
79_Yes_Network_11,79,-0.999999999399991,0.9992933333333334,7,Yes
79_Yes_Network_12,79,-1.0,1.0,7,Yes
79_Yes_Network_13,79,-0.9999999999725492,0.99975,7,Yes
79_Yes_Network_14,79,-0.999999999987234,0.9998033333333332,7,Yes
79_Yes_Network_15,79,-1.0,1.0,7,Yes
79_Yes_Network_16,79,-0.999999991860409,0.99846,7,Yes
79_Yes_Network_17,79,-1.0,1.0,7,Yes
79_Yes_Network_18,79,-1.0,1.0,7,Yes
79_Yes_Network_19,79,-1.0,1.0,7,Yes
79_Yes_Network_20,79,-1.0,1.0,7,Yes
79_Yes_Network_21,79,-0.9999999977364564,0.9989766666666666,7,Yes
79_Yes_Network_22,79,-1.0,1.0,7,Yes
79_Yes_Network_23,79,-1.0,1.0,7,Yes
79_Yes_Network_24,79,-1.0,1.0,7,Yes
79_Yes_Network_25,79,-0.9999999997205682,0.99946,7,Yes
79_Yes_Network_26,79,-1.0,1.0,7,Yes
79_Yes_Network_27,79,-1.0,1.0,7,Yes
79_Yes_Network_28,79,-0.9999999955349104,0.9987266666666664,7,Yes
79_Yes_Network_29,79,-0.9999999999902092,0.9998233333333332,7,Yes
79_Yes_Network_30,79,-1.0,1.0,7,Yes
79_Yes_Network_31,79,-0.99999999596538,0.9987266666666664,7,Yes
79_Yes_Network_32,79,-0.99999999768376,0.99894,7,Yes
79_Yes_Network_33,79,-0.9999999996331996,0.9994433333333332,7,Yes
79_Yes_Network_34,79,-1.0,1.0,7,Yes
79_Yes_Network_35,79,-1.0,1.0,7,Yes
79_Yes_Network_36,79,-1.0,1.0,7,Yes
79_Yes_Network_37,79,-0.9999999969609984,0.9988966666666668,7,Yes
79_Yes_Network_38,79,-1.0,1.0,7,Yes
79_Yes_Network_39,79,-0.9999999965191342,0.9985033333333332,7,Yes
79_Yes_Network_40,79,-0.9999999999656868,0.9997233333333332,7,Yes
79_Yes_Network_41,79,-1.0,1.0,7,Yes
79_Yes_Network_42,79,-0.9999999996118184,0.99944,7,Yes
79_Yes_Network_43,79,-0.9999999935888698,0.99858,7,Yes
79_Yes_Network_44,79,-0.9999999952400777,0.9987166666666666,7,Yes
79_Yes_Network_45,79,-1.0,0.9997633333333332,7,Yes
79_Yes_Network_46,79,-1.0,1.0,7,Yes
79_Yes_Network_47,79,-1.0,1.0,7,Yes
79_Yes_Network_48,79,-0.9999999947930298,0.99867,7,Yes
79_Yes_Network_49,79,-0.9999999999904812,0.9998166666666668,7,Yes
79_Yes_Network_50,79,-0.9999999999846426,0.9997933333333332,7,Yes
79_Yes_Network_51,79,-0.999999999914902,0.9996333333333334,7,Yes
79_Yes_Network_52,79,-1.0,1.0,7,Yes
79_Yes_Network_53,79,-1.0,1.0,7,Yes
79_Yes_Network_54,79,-1.0,1.0,7,Yes
79_Yes_Network_55,79,-1.0,1.0,7,Yes
79_Yes_Network_56,79,-0.999999961399129,0.9973866666666666,7,Yes
79_Yes_Network_57,79,-0.9999999934496312,0.9986,7,Yes
79_Yes_Network_58,79,-1.0,1.0,7,Yes
79_Yes_Network_59,79,-0.9999999999347368,0.9996666666666666,7,Yes
79_Yes_Network_60,79,-0.9999999997033384,0.99946,7,Yes
79_Yes_Network_61,79,-0.9999999487742268,0.9970433333333332,7,Yes
79_Yes_Network_62,79,-1.0,1.0,7,Yes
79_Yes_Network_63,79,-0.999999999183448,0.9992866666666668,7,Yes
79_Yes_Network_64,79,-1.0,1.0,7,Yes
79_Yes_Network_65,79,-0.9999997127898446,0.9947933333333332,7,Yes
79_Yes_Network_66,79,-0.9999999956121964,0.99867,7,Yes
79_Yes_Network_67,79,-0.9999999999216854,0.9996566666666666,7,Yes
79_Yes_Network_68,79,-0.9999999750011158,0.99766,7,Yes
79_Yes_Network_69,79,-1.0,1.0,7,Yes
79_Yes_Network_70,79,-0.9999999979252572,0.99902,7,Yes
79_Yes_Network_71,79,-1.0,1.0,7,Yes
79_Yes_Network_72,79,-0.9999999996099778,0.9994066666666668,7,Yes
79_Yes_Network_73,79,-0.9999999984797648,0.9990866666666668,7,Yes
79_Yes_Network_74,79,-0.9999999995923948,0.9993866666666666,7,Yes
79_Yes_Network_75,79,-1.0,1.0,7,Yes
79_Yes_Network_76,79,-0.9999999935541832,0.9984566666666668,7,Yes
79_Yes_Network_77,79,-0.9999999934291348,0.99848,7,Yes
79_Yes_Network_78,79,-1.0,0.9999999999999998,7,Yes
79_Yes_Network_79,79,-1.0,1.0,7,Yes
79_Yes_Network_80,79,-0.9999999913369172,0.9984033333333332,7,Yes
79_Yes_Network_81,79,-0.9999999897919546,0.9983066666666668,7,Yes
79_Yes_Network_82,79,-1.0,1.0,7,Yes
79_Yes_Network_83,79,-0.99999999834099,0.9990366666666666,7,Yes
79_Yes_Network_84,79,-0.9999999998279694,0.9995566666666666,7,Yes
79_Yes_Network_85,79,-0.9999999987005412,0.9991366666666668,7,Yes
79_Yes_Network_86,79,-0.9999999949258112,0.99867,7,Yes
79_Yes_Network_87,79,-0.9999999999067156,0.9996333333333332,7,Yes
79_Yes_Network_88,79,-1.0,1.0,7,Yes
79_Yes_Network_89,79,-0.999999998858798,0.99916,7,Yes
79_Yes_Network_90,79,-0.9999999999282114,0.9996666666666666,7,Yes
79_Yes_Network_91,79,-0.9999999430576644,0.9970333333333332,7,Yes
79_Yes_Network_92,79,-1.0,1.0,7,Yes
79_Yes_Network_93,79,-0.9999999995145888,0.9994033333333332,7,Yes
79_Yes_Network_94,79,-1.0,1.0,7,Yes
79_Yes_Network_95,79,-0.9999999787619616,0.9977433333333332,7,Yes
79_Yes_Network_96,79,-1.0,1.0,7,Yes
79_Yes_Network_97,79,-1.0,1.0,7,Yes
79_Yes_Network_98,79,-1.0,1.0,7,Yes
79_Yes_Network_99,79,-0.9999999995483716,0.9993866666666666,7,Yes
79_Yes_Network_100,79,-1.0,1.0,7,Yes
79_Yes_Network_1,79,-0.999999999965062,0.9997233333333334,8,Yes
79_Yes_Network_2,79,-0.9999999999856016,0.9997,8,Yes
79_Yes_Network_3,79,-1.0,0.9997466666666666,8,Yes
79_Yes_Network_4,79,-1.0,1.0,8,Yes
79_Yes_Network_5,79,-0.9999999999920804,0.99983,8,Yes
79_Yes_Network_6,79,-0.999999999591522,0.99941,8,Yes
79_Yes_Network_7,79,-0.9999999999494684,0.9996766666666668,8,Yes
79_Yes_Network_8,79,-1.0,1.0,8,Yes
79_Yes_Network_9,79,-0.9999999998853444,0.9995966666666666,8,Yes
79_Yes_Network_10,79,-0.9999999999802588,0.99979,8,Yes
79_Yes_Network_11,79,-0.9999999999400112,0.99968,8,Yes
79_Yes_Network_12,79,-0.9999999999699092,0.9997466666666666,8,Yes
79_Yes_Network_13,79,-0.9999999981428228,0.9989733333333332,8,Yes
79_Yes_Network_14,79,-1.0,1.0000000000000002,8,Yes
79_Yes_Network_15,79,-0.99999999999808,0.9998933333333332,8,Yes
79_Yes_Network_16,79,-1.0,1.0,8,Yes
79_Yes_Network_17,79,-0.9999999997512272,0.9994533333333332,8,Yes
79_Yes_Network_18,79,-1.0,1.0,8,Yes
79_Yes_Network_19,79,-0.9999999999692862,0.9997266666666668,8,Yes
79_Yes_Network_20,79,-1.0,0.9999999999999998,8,Yes
79_Yes_Network_21,79,-0.9999999999600706,0.9996766666666668,8,Yes
79_Yes_Network_22,79,-1.0,1.0000000000000002,8,Yes
79_Yes_Network_23,79,-0.9999999998777974,0.9996166666666666,8,Yes
79_Yes_Network_24,79,-0.9999999999995204,0.9999133333333332,8,Yes
79_Yes_Network_25,79,-0.999999999953882,0.99963,8,Yes
79_Yes_Network_26,79,-1.0,1.0,8,Yes
79_Yes_Network_27,79,-1.0,0.9999999999999998,8,Yes
79_Yes_Network_28,79,-1.0,1.0,8,Yes
79_Yes_Network_29,79,-1.0,1.0,8,Yes
79_Yes_Network_30,79,-0.9999999999864488,0.9997899999999998,8,Yes
79_Yes_Network_31,79,-1.0,1.0,8,Yes
79_Yes_Network_32,79,-1.0,1.0,8,Yes
79_Yes_Network_33,79,-1.0,1.0,8,Yes
79_Yes_Network_34,79,-0.99999999999808,0.9998866666666668,8,Yes
79_Yes_Network_35,79,-0.9999999963174192,0.9985166666666668,8,Yes
79_Yes_Network_36,79,-1.0,1.0,8,Yes
79_Yes_Network_37,79,-1.0,0.9999033333333333,8,Yes
79_Yes_Network_38,79,-1.0,1.0,8,Yes
79_Yes_Network_39,79,-1.0,1.0,8,Yes
79_Yes_Network_40,79,-0.99999999999856,0.9999033333333334,8,Yes
79_Yes_Network_41,79,-0.9999999997005696,0.99943,8,Yes
79_Yes_Network_42,79,-1.0,1.0,8,Yes
79_Yes_Network_43,79,-0.9999999997218466,0.9994766666666668,8,Yes
79_Yes_Network_44,79,-1.0,1.0,8,Yes
79_Yes_Network_45,79,-1.0,1.0,8,Yes
79_Yes_Network_46,79,-1.0,0.99985,8,Yes
79_Yes_Network_47,79,-1.0,1.0,8,Yes
79_Yes_Network_48,79,-0.9999999999932808,0.9998433333333332,8,Yes
79_Yes_Network_49,79,-0.999999999981074,0.9997833333333332,8,Yes
79_Yes_Network_50,79,-0.9999999994227274,0.99934,8,Yes
79_Yes_Network_51,79,-0.9999999999339936,0.9996533333333332,8,Yes
79_Yes_Network_52,79,-0.9999999999388166,0.9996933333333332,8,Yes
79_Yes_Network_53,79,-0.999999999958662,0.9997133333333332,8,Yes
79_Yes_Network_54,79,-1.0,0.9998033333333334,8,Yes
79_Yes_Network_55,79,-0.99999999986294,0.9995133333333334,8,Yes
79_Yes_Network_56,79,-1.0,1.0,8,Yes
79_Yes_Network_57,79,-0.9999999999725488,0.99975,8,Yes
79_Yes_Network_58,79,-0.9999999980063546,0.9989366666666666,8,Yes
79_Yes_Network_59,79,-0.9999999999700052,0.9997366666666668,8,Yes
79_Yes_Network_60,79,-0.9999999999890824,0.9997033333333332,8,Yes
79_Yes_Network_61,79,-0.9999999995663336,0.9993633333333332,8,Yes
79_Yes_Network_62,79,-0.9999999999638308,0.9997366666666668,8,Yes
79_Yes_Network_63,79,-1.0,1.0,8,Yes
79_Yes_Network_64,79,-0.9999999998361604,0.99952,8,Yes
79_Yes_Network_65,79,-1.0,0.9999199999999998,8,Yes
79_Yes_Network_66,79,-1.0,0.9999133333333332,8,Yes
79_Yes_Network_67,79,-0.999999999999748,0.9999033333333333,8,Yes
79_Yes_Network_68,79,-1.0,1.0,8,Yes
79_Yes_Network_69,79,-0.9999999999920806,0.9998366666666666,8,Yes
79_Yes_Network_70,79,-0.9999999999815228,0.9997766666666664,8,Yes
79_Yes_Network_71,79,-1.0,1.0,8,Yes
79_Yes_Network_72,79,-1.0,1.0,8,Yes
79_Yes_Network_73,79,-0.9999999998735064,0.99957,8,Yes
79_Yes_Network_74,79,-1.0,1.0,8,Yes
79_Yes_Network_75,79,-1.0,0.9995733333333334,8,Yes
79_Yes_Network_76,79,-0.999999993588364,0.99846,8,Yes
79_Yes_Network_77,79,-0.9999999991568176,0.9991966666666664,8,Yes
79_Yes_Network_78,79,-0.9999999999458046,0.9997066666666664,8,Yes
79_Yes_Network_79,79,-0.9999999998974836,0.9996133333333334,8,Yes
79_Yes_Network_80,79,-1.0,0.99962,8,Yes
79_Yes_Network_81,79,-0.9999999999913768,0.9998266666666666,8,Yes
79_Yes_Network_82,79,-0.9999999999681812,0.9997166666666666,8,Yes
79_Yes_Network_83,79,-0.99999999999512,0.9998433333333332,8,Yes
79_Yes_Network_84,79,-0.9999999952901042,0.99853,8,Yes
79_Yes_Network_85,79,-1.0,1.0,8,Yes
79_Yes_Network_86,79,-0.9999999999914766,0.9997933333333334,8,Yes
79_Yes_Network_87,79,-1.0,1.0,8,Yes
79_Yes_Network_88,79,-1.0,1.0,8,Yes
79_Yes_Network_89,79,-0.9999999999794108,0.9997633333333332,8,Yes
79_Yes_Network_90,79,-1.0,1.0,8,Yes
79_Yes_Network_91,79,-0.9999999991328736,0.9992433333333334,8,Yes
79_Yes_Network_92,79,-0.9999999999985604,0.9998933333333332,8,Yes
79_Yes_Network_93,79,-1.0,1.0,8,Yes
79_Yes_Network_94,79,-0.9999999999990402,0.9999133333333334,8,Yes
79_Yes_Network_95,79,-1.0,1.0,8,Yes
79_Yes_Network_96,79,-0.9999999992912496,0.99929,8,Yes
79_Yes_Network_97,79,-0.9999999999946242,0.9998233333333332,8,Yes
79_Yes_Network_98,79,-1.0,1.0,8,Yes
79_Yes_Network_99,79,-0.999999999999904,0.9999566666666666,8,Yes
79_Yes_Network_100,79,-1.0,1.0,8,Yes
80_Yes_Network_1,80,-1.0,1.0,9,Yes
80_Yes_Network_2,80,-1.0,1.0,9,Yes
80_Yes_Network_3,80,-0.99999999999712,0.9998666666666668,9,Yes
80_Yes_Network_4,80,-0.99999999999984,0.9999566666666666,9,Yes
80_Yes_Network_5,80,-0.999999999989966,0.99973,9,Yes
80_Yes_Network_6,80,-1.0,1.0,9,Yes
80_Yes_Network_7,80,-1.0,1.0,9,Yes
80_Yes_Network_8,80,-1.0,1.0,9,Yes
80_Yes_Network_9,80,-1.0,0.9999999999999998,9,Yes
80_Yes_Network_10,80,-0.99999999999874,0.9998666666666668,9,Yes
80_Yes_Network_11,80,-0.9999999999968804,0.9998866666666666,9,Yes
80_Yes_Network_12,80,-1.0,1.0,9,Yes
80_Yes_Network_13,80,-0.9999999999344809,0.9996633333333332,9,Yes
80_Yes_Network_14,80,-1.0,1.0,9,Yes
80_Yes_Network_15,80,-0.999999999999904,0.9999533333333336,9,Yes
80_Yes_Network_16,80,-1.0,1.0,9,Yes
80_Yes_Network_17,80,-0.999999999999696,0.99992,9,Yes
80_Yes_Network_18,80,-0.9999999999933762,0.9997833333333332,9,Yes
80_Yes_Network_19,80,-1.0,0.99995,9,Yes
80_Yes_Network_20,80,-0.999999999878287,0.9994866666666667,9,Yes
80_Yes_Network_21,80,-0.9999999999743217,0.9996666666666668,9,Yes
80_Yes_Network_22,80,-0.9999999999958404,0.9998633333333334,9,Yes
80_Yes_Network_23,80,-0.9999999999984,0.99988,9,Yes
80_Yes_Network_24,80,-0.9999999999985,0.9998966666666668,9,Yes
80_Yes_Network_25,80,-1.0,1.0,9,Yes
80_Yes_Network_26,80,-0.9999999999976796,0.99984,9,Yes
80_Yes_Network_27,80,-0.999999999998752,0.99988,9,Yes
80_Yes_Network_28,80,-1.0,0.9999866666666668,9,Yes
80_Yes_Network_29,80,-0.999999999989044,0.99978,9,Yes
80_Yes_Network_30,80,-1.0,0.9999866666666666,9,Yes
80_Yes_Network_31,80,-1.0,1.0,9,Yes
80_Yes_Network_32,80,-0.999999999994656,0.99984,9,Yes
80_Yes_Network_33,80,-1.0,1.0,9,Yes
80_Yes_Network_34,80,-1.0,1.0,9,Yes
80_Yes_Network_35,80,-1.0,1.0,9,Yes
80_Yes_Network_36,80,-0.9999999999892486,0.99979,9,Yes
80_Yes_Network_37,80,-0.9999999999979998,0.9998533333333336,9,Yes
80_Yes_Network_38,80,-1.0,1.0,9,Yes
80_Yes_Network_39,80,-0.999999999998304,0.9998633333333332,9,Yes
80_Yes_Network_40,80,-1.0,1.0,9,Yes
80_Yes_Network_41,80,-0.9999999999932802,0.9998166666666666,9,Yes
80_Yes_Network_42,80,-1.0,1.0,9,Yes
80_Yes_Network_43,80,-1.0,1.0,9,Yes
80_Yes_Network_44,80,-0.999999999999872,0.9999533333333332,9,Yes
80_Yes_Network_45,80,-0.9999999999967676,0.9998133333333332,9,Yes
80_Yes_Network_46,80,-0.9999999999956316,0.9998033333333334,9,Yes
80_Yes_Network_47,80,-1.0,1.0,9,Yes
80_Yes_Network_48,80,-1.0,1.0,9,Yes
80_Yes_Network_49,80,-1.0,1.0,9,Yes
80_Yes_Network_50,80,-0.999999999999984,0.9999533333333332,9,Yes
80_Yes_Network_51,80,-0.9999999999997602,0.99995,9,Yes
80_Yes_Network_52,80,-0.9999999999867328,0.9997933333333332,9,Yes
80_Yes_Network_53,80,-1.0,1.0,9,Yes
80_Yes_Network_54,80,-1.0,1.0,9,Yes
80_Yes_Network_55,80,-1.0,1.0,9,Yes
80_Yes_Network_56,80,-0.9999999999866254,0.9997866666666666,9,Yes
80_Yes_Network_57,80,-1.0,1.0,9,Yes
80_Yes_Network_58,80,-0.999999999999984,0.99996,9,Yes
80_Yes_Network_59,80,-0.9999999999999518,0.9999533333333332,9,Yes
80_Yes_Network_60,80,-0.9999999999997602,0.99994,9,Yes
80_Yes_Network_61,80,-0.999999999998704,0.9998833333333332,9,Yes
80_Yes_Network_62,80,-0.9999999999794896,0.9997733333333332,9,Yes
80_Yes_Network_63,80,-0.9999999999909256,0.9997066666666666,9,Yes
80_Yes_Network_64,80,-0.999999999995632,0.9998466666666668,9,Yes
80_Yes_Network_65,80,-0.99999999999808,0.9998766666666664,9,Yes
80_Yes_Network_66,80,-0.9999999999994718,0.9999166666666668,9,Yes
80_Yes_Network_67,80,-0.999999999998784,0.9998666666666666,9,Yes
80_Yes_Network_68,80,-1.0,1.0,9,Yes
80_Yes_Network_69,80,-1.0,1.0,9,Yes
80_Yes_Network_70,80,-0.9999999999861175,0.9996733333333334,9,Yes
80_Yes_Network_71,80,-0.9999999999966404,0.9998733333333332,9,Yes
80_Yes_Network_72,80,-1.0,1.0,9,Yes
80_Yes_Network_73,80,-1.0,1.0,9,Yes
80_Yes_Network_74,80,-0.9999999999929088,0.9998133333333332,9,Yes
80_Yes_Network_75,80,-1.0,1.0,9,Yes
80_Yes_Network_76,80,-1.0,0.9999933333333334,9,Yes
80_Yes_Network_77,80,-0.9999999998336784,0.9994566666666668,9,Yes
80_Yes_Network_78,80,-1.0,1.0,9,Yes
80_Yes_Network_79,80,-1.0,0.99998,9,Yes
80_Yes_Network_80,80,-1.0,1.0,9,Yes
80_Yes_Network_81,80,-1.0,0.9999833333333334,9,Yes
80_Yes_Network_82,80,-0.9999999999840012,0.9997666666666668,9,Yes
80_Yes_Network_83,80,-0.999999999999328,0.9999233333333332,9,Yes
80_Yes_Network_84,80,-0.999999999999872,0.9999533333333332,9,Yes
80_Yes_Network_85,80,-0.999999999999472,0.99993,9,Yes
80_Yes_Network_86,80,-0.999999999979937,0.9997566666666666,9,Yes
80_Yes_Network_87,80,-1.0,1.0,9,Yes
80_Yes_Network_88,80,-1.0,1.0,9,Yes
80_Yes_Network_89,80,-1.0,1.0,9,Yes
80_Yes_Network_90,80,-1.0,0.99997,9,Yes
80_Yes_Network_91,80,-1.0,1.0,9,Yes
80_Yes_Network_92,80,-1.0,0.9999999999999998,9,Yes
80_Yes_Network_93,80,-1.0,1.0,9,Yes
80_Yes_Network_94,80,-1.0,1.0,9,Yes
80_Yes_Network_95,80,-1.0,1.0,9,Yes
80_Yes_Network_96,80,-0.999999999999856,0.9999533333333332,9,Yes
80_Yes_Network_97,80,-1.0,0.9999866666666668,9,Yes
80_Yes_Network_98,80,-0.9999999999855036,0.9997533333333332,9,Yes
80_Yes_Network_99,80,-0.9999999999914564,0.9998266666666666,9,Yes
80_Yes_Network_100,80,-0.9999999999992324,0.99992,9,Yes
80_Yes_Network_1,80,-1.0,1.0,10,Yes
80_Yes_Network_2,80,-0.999999999999984,0.99995,10,Yes
80_Yes_Network_3,80,-1.0,1.0,10,Yes
80_Yes_Network_4,80,-1.0,1.0,10,Yes
80_Yes_Network_5,80,-1.0,0.9999933333333332,10,Yes
80_Yes_Network_6,80,-1.0,0.99999,10,Yes
80_Yes_Network_7,80,-1.0,1.0,10,Yes
80_Yes_Network_8,80,-0.999999999999952,0.9999266666666666,10,Yes
80_Yes_Network_9,80,-0.9999999999994718,0.9998433333333334,10,Yes
80_Yes_Network_10,80,-1.0,0.9999566666666668,10,Yes
80_Yes_Network_11,80,-1.0,0.9999933333333332,10,Yes
80_Yes_Network_12,80,-1.0,1.0,10,Yes
80_Yes_Network_13,80,-0.9999999999983198,0.9998233333333332,10,Yes
80_Yes_Network_14,80,-1.0,0.99998,10,Yes
80_Yes_Network_15,80,-1.0,1.0,10,Yes
80_Yes_Network_16,80,-0.9999999999987038,0.99983,10,Yes
80_Yes_Network_17,80,-1.0,0.9999933333333332,10,Yes
80_Yes_Network_18,80,-0.999999999999712,0.9998133333333332,10,Yes
80_Yes_Network_19,80,-1.0,0.9999766666666666,10,Yes
80_Yes_Network_20,80,-0.9999999999968144,0.9997,10,Yes
80_Yes_Network_21,80,-1.0,1.0,10,Yes
80_Yes_Network_22,80,-1.0,1.0,10,Yes
80_Yes_Network_23,80,-1.0,1.0,10,Yes
80_Yes_Network_24,80,-1.0,0.9999666666666668,10,Yes
80_Yes_Network_25,80,-1.0,0.99997,10,Yes
80_Yes_Network_26,80,-1.0,1.0,10,Yes
80_Yes_Network_27,80,-0.999999999999984,0.99997,10,Yes
80_Yes_Network_28,80,-1.0,0.9999866666666668,10,Yes
80_Yes_Network_29,80,-1.0,0.9999766666666664,10,Yes
80_Yes_Network_30,80,-0.9999999999999518,0.9998599999999996,10,Yes
80_Yes_Network_31,80,-0.9999999999999842,0.9999633333333332,10,Yes
80_Yes_Network_32,80,-1.0,1.0,10,Yes
80_Yes_Network_33,80,-0.9999999999999358,0.9999633333333332,10,Yes
80_Yes_Network_34,80,-1.0,0.99997,10,Yes
80_Yes_Network_35,80,-1.0,1.0,10,Yes
80_Yes_Network_36,80,-0.9999999999999518,0.9999399999999998,10,Yes
80_Yes_Network_37,80,-1.0,0.9999933333333332,10,Yes
80_Yes_Network_38,80,-1.0,0.99997,10,Yes
80_Yes_Network_39,80,-1.0,1.0,10,Yes
80_Yes_Network_40,80,-1.0,1.0,10,Yes
80_Yes_Network_41,80,-1.0,1.0,10,Yes
80_Yes_Network_42,80,-1.0,0.99994,10,Yes
80_Yes_Network_43,80,-1.0,1.0,10,Yes
80_Yes_Network_44,80,-1.0,1.0,10,Yes
80_Yes_Network_45,80,-1.0,0.99998,10,Yes
80_Yes_Network_46,80,-1.0,0.9999533333333332,10,Yes
80_Yes_Network_47,80,-0.999999999999472,0.99982,10,Yes
80_Yes_Network_48,80,-1.0,1.0,10,Yes
80_Yes_Network_49,80,-0.999999999999984,0.9999766666666666,10,Yes
80_Yes_Network_50,80,-1.0,0.99997,10,Yes
80_Yes_Network_51,80,-1.0,0.9999999999999998,10,Yes
80_Yes_Network_52,80,-1.0,1.0,10,Yes
80_Yes_Network_53,80,-1.0,1.0,10,Yes
80_Yes_Network_54,80,-1.0,0.9999566666666666,10,Yes
80_Yes_Network_55,80,-1.0,0.9999866666666668,10,Yes
80_Yes_Network_56,80,-0.9999999999999358,0.9999166666666666,10,Yes
80_Yes_Network_57,80,-1.0,1.0,10,Yes
80_Yes_Network_58,80,-0.9999999999982996,0.9997966666666668,10,Yes
80_Yes_Network_59,80,-0.9999999999987356,0.99984,10,Yes
80_Yes_Network_60,80,-1.0,0.9999933333333332,10,Yes
80_Yes_Network_61,80,-1.0,1.0,10,Yes
80_Yes_Network_62,80,-1.0,0.9999766666666666,10,Yes
80_Yes_Network_63,80,-0.999999999999984,0.9999766666666666,10,Yes
80_Yes_Network_64,80,-1.0,1.0,10,Yes
80_Yes_Network_65,80,-1.0,0.9999999999999998,10,Yes
80_Yes_Network_66,80,-0.9999999999982236,0.9997966666666668,10,Yes
80_Yes_Network_67,80,-1.0,0.9999666666666668,10,Yes
80_Yes_Network_68,80,-1.0,1.0,10,Yes
80_Yes_Network_69,80,-1.0,0.99998,10,Yes
80_Yes_Network_70,80,-0.9999999999803406,0.99974,10,Yes
80_Yes_Network_71,80,-1.0,0.99999,10,Yes
80_Yes_Network_72,80,-1.0,0.9999999999999998,10,Yes
80_Yes_Network_73,80,-1.0,0.9999833333333332,10,Yes
80_Yes_Network_74,80,-0.999999999999984,0.9999766666666666,10,Yes
80_Yes_Network_75,80,-1.0,0.99997,10,Yes
80_Yes_Network_76,80,-1.0,0.9999733333333332,10,Yes
80_Yes_Network_77,80,-1.0,0.99997,10,Yes
80_Yes_Network_78,80,-1.0,0.9999533333333332,10,Yes
80_Yes_Network_79,80,-1.0,0.9999566666666666,10,Yes
80_Yes_Network_80,80,-1.0,1.0,10,Yes
80_Yes_Network_81,80,-0.999999999993454,0.99972,10,Yes
80_Yes_Network_82,80,-1.0,0.99999,10,Yes
80_Yes_Network_83,80,-1.0,0.9999833333333332,10,Yes
80_Yes_Network_84,80,-1.0,0.9999666666666666,10,Yes
80_Yes_Network_85,80,-1.0,1.0,10,Yes
80_Yes_Network_86,80,-1.0,1.0,10,Yes
80_Yes_Network_87,80,-1.0,0.9999366666666668,10,Yes
80_Yes_Network_88,80,-1.0,0.9999966666666666,10,Yes
80_Yes_Network_89,80,-1.0,1.0,10,Yes
80_Yes_Network_90,80,-1.0,0.9999866666666668,10,Yes
80_Yes_Network_91,80,-1.0,0.9999733333333334,10,Yes
80_Yes_Network_92,80,-1.0,1.0,10,Yes
80_Yes_Network_93,80,-0.9999999999999036,0.9998933333333332,10,Yes
80_Yes_Network_94,80,-1.0,0.9999966666666664,10,Yes
80_Yes_Network_95,80,-1.0,0.99998,10,Yes
80_Yes_Network_96,80,-0.999999999997712,0.9998233333333332,10,Yes
80_Yes_Network_97,80,-0.999999999999984,0.99995,10,Yes
80_Yes_Network_98,80,-1.0,0.99999,10,Yes
80_Yes_Network_99,80,-1.0,0.9999966666666666,10,Yes
80_Yes_Network_100,80,-1.0,1.0,10,Yes
