index,Core Density,CC AB,F1,Team_Strength,Team Size,Impurity,Indegree_Team_A,Indegree_Team_B,Outdegree_Team_A,Outdegree_Team_B,External Network Density
Impurity_00_TS_5_embed_P30N_C10N_trial_0,100.0,-1.0,0.9999466666666648,0.8642,5,0.0,15.0,15.0,15.0,15.0,2.7333333333333334
Impurity_00_TS_5_embed_P30N_C10N_trial_1,100.0,-0.999999999999309,0.9997866666666588,0.6326,5,0.0,25.0,25.0,25.0,25.0,4.866666666666666
Impurity_00_TS_5_embed_P30N_C10N_trial_2,100.0,-0.9999999999955436,0.9997133333333148,0.4035999999999999,5,0.0,40.0,40.0,40.0,40.0,6.933333333333334
Impurity_00_TS_5_embed_P30N_C10N_trial_3,100.0,-0.9999783800816502,0.9993933333333198,0.2987999999999999,5,0.0,55.0,55.0,55.0,55.0,9.633333333333333
Impurity_00_TS_5_embed_P30N_C10N_trial_4,100.0,-0.9901804126225572,0.9796099999999937,0.4381,5,0.0,40.0,40.0,40.0,40.0,7.2
Impurity_00_TS_5_embed_P30N_C10N_trial_5,100.0,-0.9990742087057856,0.9976933333333272,0.2967999999999999,5,0.0,55.0,55.0,55.0,55.0,9.266666666666667
Impurity_00_TS_5_embed_P30N_C10N_trial_6,100.0,-1.0,0.9999833333333248,0.445,5,0.0,40.0,40.0,40.0,40.0,7.066666666666666
Impurity_00_TS_5_embed_P30N_C10N_trial_7,100.0,-0.9999999999752396,0.9995666666666574,0.5832999999999999,5,0.0,30.0,30.0,30.0,30.0,5.3
Impurity_00_TS_5_embed_P30N_C10N_trial_8,100.0,-1.0,0.9998999999999852,0.349,5,0.0,45.0,45.0,45.0,45.0,8.066666666666666
Impurity_00_TS_5_embed_P30N_C10N_trial_9,100.0,-0.999953225672453,0.9997599999999888,0.5636,5,0.0,30.0,30.0,30.0,30.0,5.6
Impurity_00_TS_5_embed_P30N_C10N_trial_10,100.0,-0.9999999998174068,0.998986666666644,0.3693000000000001,5,0.0,45.0,45.0,45.0,45.0,8.433333333333334
Impurity_00_TS_5_embed_P30N_C10N_trial_11,100.0,-1.0,0.9999466666666624,0.3707,5,0.0,45.0,45.0,45.0,45.0,7.966666666666667
Impurity_00_TS_5_embed_P30N_C10N_trial_12,100.0,-0.998526950119838,0.9962733333333308,0.4368,5,0.0,35.0,35.0,35.0,35.0,6.533333333333333
Impurity_00_TS_5_embed_P30N_C10N_trial_13,100.0,-0.9861451487825116,0.9531233333333032,0.3222999999999999,5,0.0,50.0,50.0,50.0,50.0,8.7
Impurity_00_TS_5_embed_P30N_C10N_trial_14,100.0,-1.0,0.9999599999999924,0.433,5,0.0,40.0,40.0,40.0,40.0,7.233333333333333
Impurity_00_TS_5_embed_P30N_C10N_trial_15,100.0,-1.0,0.999963333333328,0.7714000000000001,5,0.0,20.0,20.0,20.0,20.0,3.7666666666666666
Impurity_00_TS_5_embed_P30N_C10N_trial_16,100.0,-0.9984685631512236,0.9946699999999856,0.3153,5,0.0,50.0,50.0,50.0,50.0,7.966666666666667
Impurity_00_TS_5_embed_P30N_C10N_trial_17,100.0,-1.0,0.9997799999999504,0.8831,5,0.0,15.0,15.0,15.0,15.0,2.7333333333333334
Impurity_00_TS_5_embed_P30N_C10N_trial_18,100.0,-1.0,0.999889999999987,0.439,5,0.0,40.0,40.0,40.0,40.0,6.866666666666666
Impurity_00_TS_5_embed_P30N_C10N_trial_19,100.0,-0.9999999999996008,0.9998699999999918,0.8173999999999999,5,0.0,15.0,15.0,15.0,15.0,2.533333333333333
Impurity_00_TS_5_embed_P30N_C10N_trial_20,100.0,-0.9999999998126488,0.9992499999999996,0.3045,5,0.0,55.0,55.0,55.0,55.0,9.4
Impurity_00_TS_5_embed_P30N_C10N_trial_21,100.0,-0.9976377198695964,0.9932799999999888,0.386,5,0.0,45.0,45.0,45.0,45.0,7.633333333333334
Impurity_00_TS_5_embed_P30N_C10N_trial_22,100.0,-1.0,0.9999766666666589,0.8939,5,0.0,10.0,10.0,10.0,10.0,2.1666666666666665
Impurity_00_TS_5_embed_P30N_C10N_trial_23,100.0,-0.9999999999993496,0.9997866666666408,0.8457999999999999,5,0.0,15.0,15.0,15.0,15.0,2.833333333333333
Impurity_00_TS_5_embed_P30N_C10N_trial_24,100.0,-0.9999999999997344,0.9999033333333271,0.6252,5,0.0,25.0,25.0,25.0,25.0,4.2
Impurity_00_TS_5_embed_P30N_C10N_trial_25,100.0,-0.9999999999998652,0.9996833333333008,0.8158,5,0.0,15.0,15.0,15.0,15.0,2.8666666666666667
Impurity_00_TS_5_embed_P30N_C10N_trial_26,100.0,-1.0,0.9999799999999938,0.4798,5,0.0,35.0,35.0,35.0,35.0,6.433333333333334
Impurity_00_TS_5_embed_P30N_C10N_trial_27,100.0,-0.9999999999983492,0.9995033333333248,0.5904,5,0.0,30.0,30.0,30.0,30.0,4.866666666666666
Impurity_00_TS_5_embed_P30N_C10N_trial_28,100.0,-0.999251219750503,0.9982366666666548,0.5241,5,0.0,30.0,30.0,30.0,30.0,5.266666666666667
Impurity_00_TS_5_embed_P30N_C10N_trial_29,100.0,-0.997954547643126,0.9953299999999884,0.3015,5,0.0,55.0,55.0,55.0,55.0,9.4
Impurity_00_TS_5_embed_P30N_C10N_trial_30,100.0,-1.0,0.9999599999999744,0.663,5,0.0,25.0,25.0,25.0,25.0,4.733333333333333
Impurity_00_TS_5_embed_P30N_C10N_trial_31,100.0,-0.9999795717174303,0.9982533333333244,0.5006999999999999,5,0.0,35.0,35.0,35.0,35.0,6.333333333333333
Impurity_00_TS_5_embed_P30N_C10N_trial_32,100.0,-0.9998175590266408,0.9994833333333134,0.4802,5,0.0,35.0,35.0,35.0,35.0,6.3
Impurity_00_TS_5_embed_P30N_C10N_trial_33,100.0,-0.999772840979282,0.9992466666666626,0.2804,5,0.0,60.0,60.0,60.0,60.0,9.533333333333331
Impurity_00_TS_5_embed_P30N_C10N_trial_34,100.0,-1.0,0.999939999999993,0.8661999999999999,5,0.0,15.0,15.0,15.0,15.0,2.6333333333333333
Impurity_00_TS_5_embed_P30N_C10N_trial_35,100.0,-0.9997736472050148,0.9990299999999898,0.3477,5,0.0,45.0,45.0,45.0,45.0,7.833333333333333
Impurity_00_TS_5_embed_P30N_C10N_trial_36,100.0,-0.9999999999996696,0.9996766666666356,0.8370000000000001,5,0.0,20.0,20.0,20.0,20.0,3.2666666666666666
Impurity_00_TS_5_embed_P30N_C10N_trial_37,100.0,-0.9999695420643562,0.9996466666666564,0.3282999999999999,5,0.0,50.0,50.0,50.0,50.0,8.666666666666666
Impurity_00_TS_5_embed_P30N_C10N_trial_38,100.0,-0.9994735717148912,0.999043333333296,0.6339000000000001,5,0.0,25.0,25.0,25.0,25.0,4.9
Impurity_00_TS_5_embed_P30N_C10N_trial_39,100.0,-0.9999870426750104,0.9995333333333138,0.3686999999999999,5,0.0,45.0,45.0,45.0,45.0,7.933333333333334
Impurity_00_TS_5_embed_P30N_C10N_trial_40,100.0,-0.911161424640492,0.7151433333333248,0.2943,5,0.0,55.0,55.0,55.0,55.0,9.066666666666666
Impurity_00_TS_5_embed_P30N_C10N_trial_41,100.0,-0.9998549002732492,0.9995933333333228,0.3685,5,0.0,45.0,45.0,45.0,45.0,8.166666666666666
Impurity_00_TS_5_embed_P30N_C10N_trial_42,100.0,-0.999999999975828,0.9993999999999934,0.8675,5,0.0,15.0,15.0,15.0,15.0,3.2666666666666666
Impurity_00_TS_5_embed_P30N_C10N_trial_43,100.0,-0.9999999999999836,0.9997899999999936,0.9507,5,0.0,10.0,10.0,10.0,10.0,2.333333333333333
Impurity_00_TS_5_embed_P30N_C10N_trial_44,100.0,-0.9986157804157704,0.9937166666666524,0.3391,5,0.0,50.0,50.0,50.0,50.0,8.5
Impurity_00_TS_5_embed_P30N_C10N_trial_45,100.0,-0.9884676968949576,0.9758999999999896,0.2853,5,0.0,55.0,55.0,55.0,55.0,9.566666666666666
Impurity_00_TS_5_embed_P30N_C10N_trial_46,100.0,-1.0,0.9999866666666524,0.8541,5,0.0,15.0,15.0,15.0,15.0,3.1666666666666665
Impurity_00_TS_5_embed_P30N_C10N_trial_47,100.0,-0.9999999999750774,0.9997199999999822,0.5567,5,0.0,30.0,30.0,30.0,30.0,5.4
Impurity_00_TS_5_embed_P30N_C10N_trial_48,100.0,-0.9987636696969964,0.9962166666666428,0.3339999999999999,5,0.0,50.0,50.0,50.0,50.0,8.366666666666667
Impurity_00_TS_5_embed_P30N_C10N_trial_49,100.0,-0.9999999999949424,0.9984933333332692,0.9538,5,0.0,10.0,10.0,10.0,10.0,2.1333333333333333
Impurity_00_TS_5_embed_P30N_C10N_trial_50,100.0,-1.0,0.9997066666666624,0.9062,5,0.0,10.0,10.0,10.0,10.0,2.3
Impurity_00_TS_5_embed_P30N_C10N_trial_51,100.0,-0.9988863867694228,0.9976399999999837,0.7142000000000001,5,0.0,20.0,20.0,20.0,20.0,4.166666666666667
Impurity_00_TS_5_embed_P30N_C10N_trial_52,100.0,-0.9999999999999284,0.999886666666654,0.5308999999999999,5,0.0,30.0,30.0,30.0,30.0,5.233333333333333
Impurity_00_TS_5_embed_P30N_C10N_trial_53,100.0,-1.0,0.999979999999964,0.9339000000000004,5,0.0,10.0,10.0,10.0,10.0,2.333333333333333
Impurity_00_TS_5_embed_P30N_C10N_trial_54,100.0,-0.9995376796508588,0.9987799999999882,0.2744999999999999,5,0.0,60.0,60.0,60.0,60.0,9.733333333333333
Impurity_00_TS_5_embed_P30N_C10N_trial_55,100.0,-0.9998897318427444,0.9996399999999964,0.4949000000000001,5,0.0,35.0,35.0,35.0,35.0,6.466666666666667
Impurity_00_TS_5_embed_P30N_C10N_trial_56,100.0,-0.9966264293980214,0.9916999999999864,0.4953,5,0.0,35.0,35.0,35.0,35.0,6.366666666666666
Impurity_00_TS_5_embed_P30N_C10N_trial_57,100.0,-0.9999949608626512,0.9998566666666598,0.6660999999999999,5,0.0,25.0,25.0,25.0,25.0,4.266666666666667
Impurity_00_TS_5_embed_P30N_C10N_trial_58,100.0,-0.9999999995579448,0.9991199999999812,0.3207,5,0.0,50.0,50.0,50.0,50.0,8.5
Impurity_00_TS_5_embed_P30N_C10N_trial_59,100.0,-0.9862086259046012,0.9708333333333176,0.4810000000000001,5,0.0,35.0,35.0,35.0,35.0,6.066666666666666
Impurity_00_TS_5_embed_P30N_C10N_trial_60,100.0,-1.0,0.9999166666666528,0.8153999999999999,5,0.0,15.0,15.0,15.0,15.0,3.2666666666666666
Impurity_00_TS_5_embed_P30N_C10N_trial_61,100.0,-0.9968230437086164,0.993026666666664,0.3263,5,0.0,50.0,50.0,50.0,50.0,8.133333333333333
Impurity_00_TS_5_embed_P30N_C10N_trial_62,100.0,-0.9996916250509053,0.9990533333333128,0.3087,5,0.0,55.0,55.0,55.0,55.0,9.266666666666667
Impurity_00_TS_5_embed_P30N_C10N_trial_63,100.0,-1.0,0.9999966666666537,0.7799,5,0.0,20.0,20.0,20.0,20.0,4.0
Impurity_00_TS_5_embed_P30N_C10N_trial_64,100.0,-0.9998671151380868,0.9992033333333225,0.4768,5,0.0,35.0,35.0,35.0,35.0,6.033333333333333
Impurity_00_TS_5_embed_P30N_C10N_trial_65,100.0,-1.0,0.9999866666666531,0.9175,5,0.0,10.0,10.0,10.0,10.0,2.2666666666666666
Impurity_00_TS_5_embed_P30N_C10N_trial_66,100.0,-0.9999999999937624,0.9993699999999748,0.8407,5,0.0,15.0,15.0,15.0,15.0,3.2333333333333334
Impurity_00_TS_5_embed_P30N_C10N_trial_67,100.0,-0.9999999999999212,0.9997899999999488,0.8407000000000001,5,0.0,15.0,15.0,15.0,15.0,2.966666666666667
Impurity_00_TS_5_embed_P30N_C10N_trial_68,100.0,-0.9995686278980916,0.998706666666646,0.2956999999999999,5,0.0,55.0,55.0,55.0,55.0,9.133333333333333
Impurity_00_TS_5_embed_P30N_C10N_trial_69,100.0,-1.0,0.9999333333333232,0.8404999999999998,5,0.0,15.0,15.0,15.0,15.0,3.1
Impurity_00_TS_5_embed_P30N_C10N_trial_70,100.0,-0.9991320708838658,0.9964099999999784,0.3053,5,0.0,50.0,50.0,50.0,50.0,8.4
Impurity_00_TS_5_embed_P30N_C10N_trial_71,100.0,-1.0,0.9999733333333124,0.8664000000000001,5,0.0,15.0,15.0,15.0,15.0,3.1666666666666665
Impurity_00_TS_5_embed_P30N_C10N_trial_72,100.0,-0.9999999999976432,0.9994266666666252,0.8077,5,0.0,15.0,15.0,15.0,15.0,3.0
Impurity_00_TS_5_embed_P30N_C10N_trial_73,100.0,-1.0,0.9999966666666652,0.3112,5,0.0,55.0,55.0,55.0,55.0,9.266666666666667
Impurity_00_TS_5_embed_P30N_C10N_trial_74,100.0,-0.9999999999957988,0.9996433333333272,0.4177,5,0.0,40.0,40.0,40.0,40.0,7.333333333333333
Impurity_00_TS_5_embed_P30N_C10N_trial_75,100.0,-0.9999794639387316,0.9995466666666588,0.3392,5,0.0,50.0,50.0,50.0,50.0,8.3
Impurity_00_TS_5_embed_P30N_C10N_trial_76,100.0,-0.9999999999957206,0.9998299999999952,0.9027,5,0.0,15.0,15.0,15.0,15.0,2.933333333333333
Impurity_00_TS_5_embed_P30N_C10N_trial_77,100.0,-1.0,0.999949999999993,0.8070999999999998,5,0.0,20.0,20.0,20.0,20.0,4.0
Impurity_00_TS_5_embed_P30N_C10N_trial_78,100.0,-0.9963682950825252,0.9922066666666622,0.3897,5,0.0,45.0,45.0,45.0,45.0,8.133333333333333
Impurity_00_TS_5_embed_P30N_C10N_trial_79,100.0,-0.9999147622391992,0.9988633333333196,0.3342999999999999,5,0.0,50.0,50.0,50.0,50.0,8.533333333333333
Impurity_00_TS_5_embed_P30N_C10N_trial_80,100.0,-0.9996955232073398,0.9984599999999988,0.312,5,0.0,50.0,50.0,50.0,50.0,8.766666666666667
Impurity_00_TS_5_embed_P30N_C10N_trial_81,100.0,-0.9999999991762428,0.9984966666666524,0.5345000000000001,5,0.0,30.0,30.0,30.0,30.0,6.0
Impurity_00_TS_5_embed_P30N_C10N_trial_82,100.0,-0.9969910162728228,0.9922366666666472,0.5590999999999999,5,0.0,30.0,30.0,30.0,30.0,5.566666666666666
Impurity_00_TS_5_embed_P30N_C10N_trial_83,100.0,-0.999999999999667,0.9997966666666308,0.3822,5,0.0,40.0,40.0,40.0,40.0,6.933333333333334
Impurity_00_TS_5_embed_P30N_C10N_trial_84,100.0,-1.0,0.999976666666658,0.8467,5,0.0,15.0,15.0,15.0,15.0,3.1
Impurity_00_TS_5_embed_P30N_C10N_trial_85,100.0,-0.9999999999999998,0.9998366666666376,0.2998999999999999,5,0.0,55.0,55.0,55.0,55.0,9.366666666666667
Impurity_00_TS_5_embed_P30N_C10N_trial_86,100.0,-0.9999949600385144,0.999509999999984,0.8568999999999999,5,0.0,15.0,15.0,15.0,15.0,2.7333333333333334
Impurity_00_TS_5_embed_P30N_C10N_trial_87,100.0,-0.9999899695937006,0.999946666666666,0.5897,5,0.0,30.0,30.0,30.0,30.0,5.166666666666667
Impurity_00_TS_5_embed_P30N_C10N_trial_88,100.0,-1.0,0.999953333333325,0.7742,5,0.0,20.0,20.0,20.0,20.0,3.633333333333333
Impurity_00_TS_5_embed_P30N_C10N_trial_89,100.0,-0.9980822867918884,0.9955266666666648,0.5586000000000001,5,0.0,30.0,30.0,30.0,30.0,4.9
Impurity_00_TS_5_embed_P30N_C10N_trial_90,100.0,-1.0,0.9999399999999942,0.9740000000000002,5,0.0,10.0,10.0,10.0,10.0,2.1
Impurity_00_TS_5_embed_P30N_C10N_trial_91,100.0,-0.999459901851232,0.99799333333333,0.2781,5,0.0,55.0,55.0,55.0,55.0,9.2
Impurity_00_TS_5_embed_P30N_C10N_trial_92,100.0,-0.9999999999999436,0.9997299999999784,0.7001,5,0.0,25.0,25.0,25.0,25.0,4.266666666666667
Impurity_00_TS_5_embed_P30N_C10N_trial_93,100.0,-0.9999180148941208,0.9994733333333158,0.5561,5,0.0,30.0,30.0,30.0,30.0,5.466666666666667
Impurity_00_TS_5_embed_P30N_C10N_trial_94,100.0,-0.9999999996205542,0.9990966666666624,0.4196,5,0.0,40.0,40.0,40.0,40.0,7.1
Impurity_00_TS_5_embed_P30N_C10N_trial_95,100.0,-0.9995412773336324,0.9919366666666484,0.2915999999999999,5,0.0,55.0,55.0,55.0,55.0,9.4
Impurity_00_TS_5_embed_P30N_C10N_trial_96,100.0,-1.0,0.9999999999999908,0.8439,5,0.0,15.0,15.0,15.0,15.0,2.9
Impurity_00_TS_5_embed_P30N_C10N_trial_97,100.0,-1.0,0.9999599999999798,0.6603,5,0.0,25.0,25.0,25.0,25.0,4.366666666666666
Impurity_00_TS_5_embed_P30N_C10N_trial_98,100.0,-1.0,0.999946666666653,0.8615999999999999,5,0.0,15.0,15.0,15.0,15.0,2.6333333333333333
Impurity_00_TS_5_embed_P30N_C10N_trial_99,100.0,-0.9984532858085594,0.9970166666666554,0.3208999999999999,5,0.0,50.0,50.0,50.0,50.0,8.833333333333334
Impurity_20_TS_5_embed_P30N_C10N_trial_0,100.0,-0.908262993836196,0.5681833333333299,0.0996,5,20.0,55.0,55.0,55.0,55.0,9.0
Impurity_20_TS_5_embed_P30N_C10N_trial_1,100.0,-0.8101495345217122,0.0894733333333318,0.1021,5,20.0,45.0,45.0,45.0,45.0,7.866666666666666
Impurity_20_TS_5_embed_P30N_C10N_trial_2,100.0,-0.961538330020638,0.8498399999999803,0.1446,5,20.0,10.0,10.0,10.0,10.0,1.9666666666666663
Impurity_20_TS_5_embed_P30N_C10N_trial_3,100.0,-0.9239843839698484,0.7187166666666573,0.1278999999999999,5,20.0,35.0,35.0,35.0,35.0,5.966666666666667
Impurity_20_TS_5_embed_P30N_C10N_trial_4,100.0,-0.9954779728863448,0.9410533333333247,0.1489,5,20.0,15.0,15.0,15.0,15.0,3.1
Impurity_20_TS_5_embed_P30N_C10N_trial_5,100.0,-0.9728518281580748,0.9300333333333304,0.1432,5,20.0,20.0,20.0,20.0,20.0,3.433333333333333
Impurity_20_TS_5_embed_P30N_C10N_trial_6,100.0,-0.8893165369765229,0.4015099999999897,0.1291,5,20.0,35.0,35.0,35.0,35.0,6.233333333333333
Impurity_20_TS_5_embed_P30N_C10N_trial_7,100.0,-0.9176323748234736,0.5740366666666623,0.112,5,20.0,55.0,55.0,55.0,55.0,8.966666666666667
Impurity_20_TS_5_embed_P30N_C10N_trial_8,100.0,-0.9143716403809364,0.4073033333333253,0.1178999999999999,5,20.0,25.0,25.0,25.0,25.0,4.5
Impurity_20_TS_5_embed_P30N_C10N_trial_9,100.0,-0.9425010997248164,0.5736933333333192,0.1293,5,20.0,30.0,30.0,30.0,30.0,5.666666666666667
Impurity_20_TS_5_embed_P30N_C10N_trial_10,100.0,-0.792938519631775,0.2963099999999897,0.1358,5,20.0,25.0,25.0,25.0,25.0,4.666666666666667
Impurity_20_TS_5_embed_P30N_C10N_trial_11,100.0,-0.9766269093502278,0.7326333333333193,0.1086,5,20.0,55.0,55.0,55.0,55.0,8.7
Impurity_20_TS_5_embed_P30N_C10N_trial_12,100.0,-0.876525714322462,0.581359999999993,0.1154,5,20.0,45.0,45.0,45.0,45.0,7.266666666666667
Impurity_20_TS_5_embed_P30N_C10N_trial_13,100.0,-0.9555697691782898,0.8219899999999891,0.1231,5,20.0,40.0,40.0,40.0,40.0,6.933333333333334
Impurity_20_TS_5_embed_P30N_C10N_trial_14,100.0,-0.8412289468257335,0.55470666666666,0.1182,5,20.0,40.0,40.0,40.0,40.0,7.233333333333333
Impurity_20_TS_5_embed_P30N_C10N_trial_15,100.0,-0.8990788301649163,0.3386366666666615,0.1253,5,20.0,25.0,25.0,25.0,25.0,4.8
Impurity_20_TS_5_embed_P30N_C10N_trial_16,100.0,-0.9312298742590192,0.7375733333333239,0.1089,5,20.0,45.0,45.0,45.0,45.0,7.633333333333334
Impurity_20_TS_5_embed_P30N_C10N_trial_17,100.0,-0.8913729035764383,0.4209599999999973,0.1136,5,20.0,45.0,45.0,45.0,45.0,8.133333333333333
Impurity_20_TS_5_embed_P30N_C10N_trial_18,100.0,-0.94556516508106,0.6140066666666478,0.141,5,20.0,15.0,15.0,15.0,15.0,2.833333333333333
Impurity_20_TS_5_embed_P30N_C10N_trial_19,100.0,-0.8780430202820784,0.3359233333333221,0.117,5,20.0,30.0,30.0,30.0,30.0,5.566666666666666
Impurity_20_TS_5_embed_P30N_C10N_trial_20,100.0,-0.9803444959254876,0.9197433333333264,0.1417,5,20.0,20.0,20.0,20.0,20.0,3.6666666666666665
Impurity_20_TS_5_embed_P30N_C10N_trial_21,100.0,-0.9477229894035134,0.0584933333333325,0.135,5,20.0,45.0,45.0,45.0,45.0,7.8
Impurity_20_TS_5_embed_P30N_C10N_trial_22,100.0,-0.7921930650623297,0.3656399999999934,0.117,5,20.0,35.0,35.0,35.0,35.0,6.6
Impurity_20_TS_5_embed_P30N_C10N_trial_23,100.0,-0.9445246490237612,0.8305999999999878,0.1101999999999999,5,20.0,50.0,50.0,50.0,50.0,8.333333333333334
Impurity_20_TS_5_embed_P30N_C10N_trial_24,100.0,-0.8972844272613216,0.3461699999999953,0.1017,5,20.0,50.0,50.0,50.0,50.0,8.933333333333334
Impurity_20_TS_5_embed_P30N_C10N_trial_25,100.0,-0.9757809548865746,0.557703333333323,0.1024,5,20.0,50.0,50.0,50.0,50.0,8.766666666666667
Impurity_20_TS_5_embed_P30N_C10N_trial_26,100.0,-0.8985882380522487,0.3919533333333245,0.0965,5,20.0,55.0,55.0,55.0,55.0,9.066666666666666
Impurity_20_TS_5_embed_P30N_C10N_trial_27,100.0,-0.992815479499701,0.9711566666666548,0.1527,5,20.0,35.0,35.0,35.0,35.0,6.0
Impurity_20_TS_5_embed_P30N_C10N_trial_28,100.0,-0.8727905413219241,0.3964533333333278,0.1008,5,20.0,50.0,50.0,50.0,50.0,8.3
Impurity_20_TS_5_embed_P30N_C10N_trial_29,100.0,-0.9984446036358656,0.9774799999999888,0.1258,5,20.0,20.0,20.0,20.0,20.0,3.466666666666667
Impurity_20_TS_5_embed_P30N_C10N_trial_30,100.0,-0.984932443910476,0.9208233333332888,0.1416,5,20.0,15.0,15.0,15.0,15.0,2.4
Impurity_20_TS_5_embed_P30N_C10N_trial_31,100.0,-0.9815338637283753,0.9406666666666618,0.1379,5,20.0,25.0,25.0,25.0,25.0,4.233333333333333
Impurity_20_TS_5_embed_P30N_C10N_trial_32,100.0,-0.874092045668533,0.0991699999999959,0.1238,5,20.0,30.0,30.0,30.0,30.0,5.333333333333333
Impurity_20_TS_5_embed_P30N_C10N_trial_33,100.0,-0.8691906379777327,0.1657733333333286,0.1012,5,20.0,55.0,55.0,55.0,55.0,9.233333333333333
Impurity_20_TS_5_embed_P30N_C10N_trial_34,100.0,-0.9946434669040224,0.9701499999999929,0.1191,5,20.0,25.0,25.0,25.0,25.0,4.233333333333333
Impurity_20_TS_5_embed_P30N_C10N_trial_35,100.0,-0.8704836754968404,0.3179533333333292,0.1112,5,20.0,45.0,45.0,45.0,45.0,7.5
Impurity_20_TS_5_embed_P30N_C10N_trial_36,100.0,-0.983030601354721,0.9473133333333172,0.129,5,20.0,30.0,30.0,30.0,30.0,5.933333333333334
Impurity_20_TS_5_embed_P30N_C10N_trial_37,100.0,-0.916682105990514,0.7086233333333163,0.1432,5,20.0,10.0,10.0,10.0,10.0,2.0
Impurity_20_TS_5_embed_P30N_C10N_trial_38,100.0,-0.9576271908206532,0.7246633333333267,0.0958999999999999,5,20.0,55.0,55.0,55.0,55.0,8.633333333333333
Impurity_20_TS_5_embed_P30N_C10N_trial_39,100.0,-0.9965356575143092,0.9671866666666586,0.1273,5,20.0,35.0,35.0,35.0,35.0,6.266666666666667
Impurity_20_TS_5_embed_P30N_C10N_trial_40,100.0,-0.8815358072690495,0.5388066666666593,0.118,5,20.0,35.0,35.0,35.0,35.0,6.366666666666666
Impurity_20_TS_5_embed_P30N_C10N_trial_41,100.0,-0.8969162539064301,0.3929266666666628,0.1306,5,20.0,30.0,30.0,30.0,30.0,5.566666666666666
Impurity_20_TS_5_embed_P30N_C10N_trial_42,100.0,-0.804597086104664,0.2618966666666609,0.0962,5,20.0,45.0,45.0,45.0,45.0,8.3
Impurity_20_TS_5_embed_P30N_C10N_trial_43,100.0,-0.8810392937910987,0.5224066666666615,0.11,5,20.0,45.0,45.0,45.0,45.0,7.5
Impurity_20_TS_5_embed_P30N_C10N_trial_44,100.0,-0.8758990376691783,0.4575366666666619,0.1647999999999999,5,20.0,20.0,20.0,20.0,20.0,4.366666666666666
Impurity_20_TS_5_embed_P30N_C10N_trial_45,100.0,-0.98551892437487,0.9471066666666602,0.106,5,20.0,50.0,50.0,50.0,50.0,8.433333333333334
Impurity_20_TS_5_embed_P30N_C10N_trial_46,100.0,-0.9162538946080174,0.2168566666666636,0.1164,5,20.0,45.0,45.0,45.0,45.0,7.5
Impurity_20_TS_5_embed_P30N_C10N_trial_47,100.0,-0.965895197310371,0.9194433333333304,0.1215999999999999,5,20.0,40.0,40.0,40.0,40.0,7.3
Impurity_20_TS_5_embed_P30N_C10N_trial_48,100.0,-0.9317903383865846,0.7804366666666589,0.1396,5,20.0,15.0,15.0,15.0,15.0,2.8
Impurity_20_TS_5_embed_P30N_C10N_trial_49,100.0,-0.8933833206817644,0.3046733333333283,0.1274,5,20.0,25.0,25.0,25.0,25.0,4.366666666666666
Impurity_20_TS_5_embed_P30N_C10N_trial_50,100.0,-0.973890426706263,0.8880799999999867,0.1264,5,20.0,35.0,35.0,35.0,35.0,6.333333333333333
Impurity_20_TS_5_embed_P30N_C10N_trial_51,100.0,-0.9753572332536782,0.946649999999993,0.1549,5,20.0,20.0,20.0,20.0,20.0,3.7
Impurity_20_TS_5_embed_P30N_C10N_trial_52,100.0,-0.9753758188473785,0.8704299999999878,0.1151,5,20.0,45.0,45.0,45.0,45.0,7.9
Impurity_20_TS_5_embed_P30N_C10N_trial_53,100.0,-0.9714978570138952,0.898966666666657,0.138,5,20.0,20.0,20.0,20.0,20.0,3.6
Impurity_20_TS_5_embed_P30N_C10N_trial_54,100.0,-0.9029208625988118,0.2837433333333227,0.1060999999999999,5,20.0,55.0,55.0,55.0,55.0,9.033333333333331
Impurity_20_TS_5_embed_P30N_C10N_trial_55,100.0,-0.8781718915308686,0.3224099999999957,0.0936999999999999,5,20.0,60.0,60.0,60.0,60.0,9.833333333333334
Impurity_20_TS_5_embed_P30N_C10N_trial_56,100.0,-0.9480010025081244,0.4564733333333252,0.1152,5,20.0,45.0,45.0,45.0,45.0,7.8
Impurity_20_TS_5_embed_P30N_C10N_trial_57,100.0,-0.9999999901201598,0.9972099999999912,0.1609,5,20.0,10.0,10.0,10.0,10.0,2.0
Impurity_20_TS_5_embed_P30N_C10N_trial_58,100.0,-0.9522191034720436,0.8467633333333215,0.1262,5,20.0,25.0,25.0,25.0,25.0,4.7
Impurity_20_TS_5_embed_P30N_C10N_trial_59,100.0,-0.9783786187630542,0.8761766666666535,0.1255,5,20.0,35.0,35.0,35.0,35.0,6.233333333333333
Impurity_20_TS_5_embed_P30N_C10N_trial_60,100.0,-0.9998939917618754,0.9978466666666604,0.1313,5,20.0,30.0,30.0,30.0,30.0,5.633333333333334
Impurity_20_TS_5_embed_P30N_C10N_trial_61,100.0,-0.9694746166446324,0.8848899999999912,0.1488,5,20.0,20.0,20.0,20.0,20.0,3.8333333333333335
Impurity_20_TS_5_embed_P30N_C10N_trial_62,100.0,-0.9961041031975596,0.9749066666666608,0.1427999999999999,5,20.0,20.0,20.0,20.0,20.0,3.8
Impurity_20_TS_5_embed_P30N_C10N_trial_63,100.0,-0.9914454635988982,0.0154399999999996,0.1392999999999999,5,20.0,20.0,20.0,20.0,20.0,3.3666666666666667
Impurity_20_TS_5_embed_P30N_C10N_trial_64,100.0,-0.9684818229228735,0.887826666666635,0.1341999999999999,5,20.0,15.0,15.0,15.0,15.0,3.1666666666666665
Impurity_20_TS_5_embed_P30N_C10N_trial_65,100.0,-0.9410789861017936,0.1101599999999975,0.1197,5,20.0,30.0,30.0,30.0,30.0,5.766666666666667
Impurity_20_TS_5_embed_P30N_C10N_trial_66,100.0,-0.828933974050156,0.3027033333333275,0.1049,5,20.0,50.0,50.0,50.0,50.0,8.166666666666666
Impurity_20_TS_5_embed_P30N_C10N_trial_67,100.0,-0.9946728059652062,0.9007066666666408,0.1304,5,20.0,25.0,25.0,25.0,25.0,4.966666666666667
Impurity_20_TS_5_embed_P30N_C10N_trial_68,100.0,-0.943712710217095,0.8335933333333297,0.1100999999999999,5,20.0,50.0,50.0,50.0,50.0,8.2
Impurity_20_TS_5_embed_P30N_C10N_trial_69,100.0,-0.9034870519009062,0.5362533333333016,0.1369,5,20.0,15.0,15.0,15.0,15.0,2.7666666666666666
Impurity_20_TS_5_embed_P30N_C10N_trial_70,100.0,-0.93356019988359,0.5705866666666619,0.1054999999999999,5,20.0,50.0,50.0,50.0,50.0,8.666666666666666
Impurity_20_TS_5_embed_P30N_C10N_trial_71,100.0,-0.8567218286641187,0.2516233333333242,0.1447999999999999,5,20.0,30.0,30.0,30.0,30.0,5.233333333333333
Impurity_20_TS_5_embed_P30N_C10N_trial_72,100.0,-0.9697219072786036,0.8210933333333261,0.1378,5,20.0,20.0,20.0,20.0,20.0,3.933333333333333
Impurity_20_TS_5_embed_P30N_C10N_trial_73,100.0,-0.8145584295617319,0.1405399999999986,0.0968,5,20.0,60.0,60.0,60.0,60.0,10.1
Impurity_20_TS_5_embed_P30N_C10N_trial_74,100.0,-0.9929030071391124,0.9270533333333292,0.1216,5,20.0,35.0,35.0,35.0,35.0,6.366666666666666
Impurity_20_TS_5_embed_P30N_C10N_trial_75,100.0,-0.9376079115949774,0.5971266666666553,0.1117,5,20.0,35.0,35.0,35.0,35.0,6.366666666666666
Impurity_20_TS_5_embed_P30N_C10N_trial_76,100.0,-0.8806143679633931,0.4163133333333183,0.1204,5,20.0,30.0,30.0,30.0,30.0,5.4
Impurity_20_TS_5_embed_P30N_C10N_trial_77,100.0,-0.9226760637884206,0.6974966666666582,0.1001,5,20.0,60.0,60.0,60.0,60.0,9.9
Impurity_20_TS_5_embed_P30N_C10N_trial_78,100.0,-0.8248663816137218,0.310903333333327,0.1471,5,20.0,15.0,15.0,15.0,15.0,2.5
Impurity_20_TS_5_embed_P30N_C10N_trial_79,100.0,-0.9188138099373644,0.5348733333333235,0.11,5,20.0,45.0,45.0,45.0,45.0,8.133333333333333
Impurity_20_TS_5_embed_P30N_C10N_trial_80,100.0,-0.8910079663960458,0.4990699999999922,0.1061999999999999,5,20.0,45.0,45.0,45.0,45.0,8.3
Impurity_20_TS_5_embed_P30N_C10N_trial_81,100.0,-0.9743657592898808,0.8908599999999748,0.1045,5,20.0,50.0,50.0,50.0,50.0,8.466666666666667
Impurity_20_TS_5_embed_P30N_C10N_trial_82,100.0,-0.9009259415261772,0.2158099999999976,0.0931,5,20.0,55.0,55.0,55.0,55.0,8.9
Impurity_20_TS_5_embed_P30N_C10N_trial_83,100.0,-0.9068630914046156,0.6550699999999899,0.1319,5,20.0,20.0,20.0,20.0,20.0,3.6
Impurity_20_TS_5_embed_P30N_C10N_trial_84,100.0,-0.8018380200829572,0.2090399999999987,0.1178,5,20.0,40.0,40.0,40.0,40.0,7.266666666666667
Impurity_20_TS_5_embed_P30N_C10N_trial_85,100.0,-0.7937652980445907,0.1102166666666638,0.1002999999999999,5,20.0,55.0,55.0,55.0,55.0,8.933333333333334
Impurity_20_TS_5_embed_P30N_C10N_trial_86,100.0,-0.9073092396382708,0.738459999999981,0.1259,5,20.0,30.0,30.0,30.0,30.0,5.2
Impurity_20_TS_5_embed_P30N_C10N_trial_87,100.0,-0.9838281495513328,0.8697899999999867,0.1205999999999999,5,20.0,30.0,30.0,30.0,30.0,5.9
Impurity_20_TS_5_embed_P30N_C10N_trial_88,100.0,-0.9306594940800086,0.6613366666666626,0.1422,5,20.0,30.0,30.0,30.0,30.0,5.133333333333334
Impurity_20_TS_5_embed_P30N_C10N_trial_89,100.0,-0.8995412028998695,0.2151433333333311,0.1559,5,20.0,20.0,20.0,20.0,20.0,3.433333333333333
Impurity_20_TS_5_embed_P30N_C10N_trial_90,100.0,-0.9732599584400808,0.8319999999999844,0.138,5,20.0,10.0,10.0,10.0,10.0,2.066666666666667
Impurity_20_TS_5_embed_P30N_C10N_trial_91,100.0,-0.9206911126804052,0.4270599999999948,0.1273,5,20.0,20.0,20.0,20.0,20.0,3.433333333333333
Impurity_20_TS_5_embed_P30N_C10N_trial_92,100.0,-0.9583193348535772,0.0412566666666655,0.1222999999999999,5,20.0,40.0,40.0,40.0,40.0,6.9
Impurity_20_TS_5_embed_P30N_C10N_trial_93,100.0,-0.9964372279469365,0.9107399999999956,0.1199,5,20.0,30.0,30.0,30.0,30.0,5.033333333333333
Impurity_20_TS_5_embed_P30N_C10N_trial_94,100.0,-0.8937364613968692,0.5113766666666641,0.1286999999999999,5,20.0,20.0,20.0,20.0,20.0,3.733333333333333
Impurity_20_TS_5_embed_P30N_C10N_trial_95,100.0,-0.9434912820375404,0.6994699999999924,0.1033999999999999,5,20.0,55.0,55.0,55.0,55.0,9.033333333333331
Impurity_20_TS_5_embed_P30N_C10N_trial_96,100.0,-0.8745841171119679,0.4116999999999908,0.1138,5,20.0,35.0,35.0,35.0,35.0,6.333333333333333
Impurity_20_TS_5_embed_P30N_C10N_trial_97,100.0,-0.888549797795788,0.2634033333333303,0.1191,5,20.0,45.0,45.0,45.0,45.0,7.466666666666667
Impurity_20_TS_5_embed_P30N_C10N_trial_98,100.0,-0.9982935083507608,0.9938433333333306,0.1409,5,20.0,30.0,30.0,30.0,30.0,5.433333333333334
Impurity_20_TS_5_embed_P30N_C10N_trial_99,100.0,-0.9903545169921588,0.95336333333333,0.1386,5,20.0,20.0,20.0,20.0,20.0,3.6
Impurity_40_TS_5_embed_P30N_C10N_trial_0,100.0,-0.6685822451824781,0.0015433333333333,0.0185,5,40.0,30.0,30.0,30.0,30.0,5.566666666666666
Impurity_40_TS_5_embed_P30N_C10N_trial_1,100.0,0.0604222419232545,0.00226,0.0194999999999999,5,40.0,35.0,35.0,35.0,35.0,6.633333333333334
Impurity_40_TS_5_embed_P30N_C10N_trial_2,100.0,-0.5609712731305658,0.0081199999999999,0.025,5,40.0,35.0,35.0,35.0,35.0,6.266666666666667
Impurity_40_TS_5_embed_P30N_C10N_trial_3,100.0,-0.5786754061956657,0.0015233333333333,0.0253,5,40.0,10.0,10.0,10.0,10.0,2.033333333333333
Impurity_40_TS_5_embed_P30N_C10N_trial_4,100.0,-0.669324108496494,0.0003266666666666,0.0437999999999999,5,40.0,30.0,30.0,30.0,30.0,5.233333333333333
Impurity_40_TS_5_embed_P30N_C10N_trial_5,100.0,0.0817080412609537,0.0095466666666665,0.0308999999999999,5,40.0,30.0,30.0,30.0,30.0,5.833333333333333
Impurity_40_TS_5_embed_P30N_C10N_trial_6,100.0,-0.2787645596572349,0.0007566666666666,0.0225,5,40.0,25.0,25.0,25.0,25.0,4.5
Impurity_40_TS_5_embed_P30N_C10N_trial_7,100.0,0.307241241380096,0.0216633333333323,0.0267,5,40.0,55.0,55.0,55.0,55.0,9.1
Impurity_40_TS_5_embed_P30N_C10N_trial_8,100.0,-0.262550584102395,0.066529999999999,0.0238999999999999,5,40.0,40.0,40.0,40.0,40.0,7.2
Impurity_40_TS_5_embed_P30N_C10N_trial_9,100.0,-0.2469637620829442,0.0028133333333333,0.0152,5,40.0,15.0,15.0,15.0,15.0,3.066666666666667
Impurity_40_TS_5_embed_P30N_C10N_trial_10,100.0,-0.7548796469453407,0.0001733333333333,0.0291999999999999,5,40.0,10.0,10.0,10.0,10.0,1.9666666666666663
Impurity_40_TS_5_embed_P30N_C10N_trial_11,100.0,-0.7816471799211268,0.0059466666666665,0.0247,5,40.0,50.0,50.0,50.0,50.0,8.366666666666667
Impurity_40_TS_5_embed_P30N_C10N_trial_12,100.0,-0.9226024590245584,0.5475133333333274,0.0272999999999999,5,40.0,60.0,60.0,60.0,60.0,10.466666666666669
Impurity_40_TS_5_embed_P30N_C10N_trial_13,100.0,0.1954592101046362,0.0084966666666663,0.0261,5,40.0,20.0,20.0,20.0,20.0,4.033333333333333
Impurity_40_TS_5_embed_P30N_C10N_trial_14,100.0,-0.4698134287480778,0.0065799999999999,0.0266999999999999,5,40.0,35.0,35.0,35.0,35.0,6.433333333333334
Impurity_40_TS_5_embed_P30N_C10N_trial_15,100.0,0.5546010167163314,0.0014699999999999,0.0157999999999999,5,40.0,50.0,50.0,50.0,50.0,8.533333333333333
Impurity_40_TS_5_embed_P30N_C10N_trial_16,100.0,0.3048503659961721,0.0026599999999999,0.0167,5,40.0,60.0,60.0,60.0,60.0,9.566666666666666
Impurity_40_TS_5_embed_P30N_C10N_trial_17,100.0,-0.2556858152693786,0.0031733333333333,0.027,5,40.0,20.0,20.0,20.0,20.0,3.6666666666666665
Impurity_40_TS_5_embed_P30N_C10N_trial_18,100.0,-0.7141907409322024,0.0040266666666664,0.0211999999999999,5,40.0,40.0,40.0,40.0,40.0,6.766666666666667
Impurity_40_TS_5_embed_P30N_C10N_trial_19,100.0,-0.55220386442897,0.0003433333333333,0.0306,5,40.0,25.0,25.0,25.0,25.0,4.733333333333333
Impurity_40_TS_5_embed_P30N_C10N_trial_20,100.0,-0.3950187976722675,0.0001066666666666,0.0223,5,40.0,20.0,20.0,20.0,20.0,3.2666666666666666
Impurity_40_TS_5_embed_P30N_C10N_trial_21,100.0,-0.6747625273084038,0.0024966666666666,0.0239,5,40.0,30.0,30.0,30.0,30.0,5.666666666666667
Impurity_40_TS_5_embed_P30N_C10N_trial_22,100.0,-0.1898243802085887,0.0004533333333333,0.0298,5,40.0,10.0,10.0,10.0,10.0,2.1333333333333333
Impurity_40_TS_5_embed_P30N_C10N_trial_23,100.0,-0.5145678150000865,0.0086366666666665,0.0184,5,40.0,25.0,25.0,25.0,25.0,4.3
Impurity_40_TS_5_embed_P30N_C10N_trial_24,100.0,-0.8167206818465245,0.0018666666666666,0.0302,5,40.0,45.0,45.0,45.0,45.0,7.833333333333333
Impurity_40_TS_5_embed_P30N_C10N_trial_25,100.0,-0.5743933913375598,0.0154999999999993,0.0262,5,40.0,30.0,30.0,30.0,30.0,5.433333333333334
Impurity_40_TS_5_embed_P30N_C10N_trial_26,100.0,0.0169486504346962,0.0009433333333333,0.0192,5,40.0,40.0,40.0,40.0,40.0,6.766666666666667
Impurity_40_TS_5_embed_P30N_C10N_trial_27,100.0,-0.3383587009058941,0.0003733333333333,0.0235999999999999,5,40.0,30.0,30.0,30.0,30.0,5.366666666666666
Impurity_40_TS_5_embed_P30N_C10N_trial_28,100.0,-0.2778747052163758,0.0017233333333333,0.0233,5,40.0,15.0,15.0,15.0,15.0,3.1666666666666665
Impurity_40_TS_5_embed_P30N_C10N_trial_29,100.0,-0.6494801397406653,0.00203,0.0251,5,40.0,40.0,40.0,40.0,40.0,6.766666666666667
Impurity_40_TS_5_embed_P30N_C10N_trial_30,100.0,-0.422675989657358,0.0018933333333333,0.0226,5,40.0,35.0,35.0,35.0,35.0,6.5
Impurity_40_TS_5_embed_P30N_C10N_trial_31,100.0,-0.7988860014503355,0.0286466666666659,0.0241,5,40.0,30.0,30.0,30.0,30.0,5.766666666666667
Impurity_40_TS_5_embed_P30N_C10N_trial_32,100.0,-0.6927102448047253,0.0221933333333323,0.0224,5,40.0,45.0,45.0,45.0,45.0,7.266666666666667
Impurity_40_TS_5_embed_P30N_C10N_trial_33,100.0,-0.8587814971908446,0.1836599999999977,0.0262,5,40.0,30.0,30.0,30.0,30.0,5.466666666666667
Impurity_40_TS_5_embed_P30N_C10N_trial_34,100.0,-0.2817051294216505,0.100226666666664,0.0242999999999999,5,40.0,20.0,20.0,20.0,20.0,3.4
Impurity_40_TS_5_embed_P30N_C10N_trial_35,100.0,-0.399102876117868,0.0189033333333331,0.0192,5,40.0,10.0,10.0,10.0,10.0,2.066666666666667
Impurity_40_TS_5_embed_P30N_C10N_trial_36,100.0,-0.8335503053853949,0.0062066666666665,0.0258,5,40.0,15.0,15.0,15.0,15.0,3.0
Impurity_40_TS_5_embed_P30N_C10N_trial_37,100.0,-0.6390354805681383,0.0331099999999971,0.0231,5,40.0,10.0,10.0,10.0,10.0,2.3666666666666667
Impurity_40_TS_5_embed_P30N_C10N_trial_38,100.0,-0.1795985735109871,0.00199,0.0257,5,40.0,25.0,25.0,25.0,25.0,5.0
Impurity_40_TS_5_embed_P30N_C10N_trial_39,100.0,-0.2390023014209027,0.0006633333333333,0.0243,5,40.0,35.0,35.0,35.0,35.0,6.166666666666667
Impurity_40_TS_5_embed_P30N_C10N_trial_40,100.0,-0.5723171044646349,0.00114,0.0194,5,40.0,55.0,55.0,55.0,55.0,9.766666666666667
Impurity_40_TS_5_embed_P30N_C10N_trial_41,100.0,-0.7276205597186025,6.666666666666668e-06,0.0279,5,40.0,15.0,15.0,15.0,15.0,2.6333333333333333
Impurity_40_TS_5_embed_P30N_C10N_trial_42,100.0,-0.8985863509982911,0.037693333333332,0.0326,5,40.0,30.0,30.0,30.0,30.0,5.466666666666667
Impurity_40_TS_5_embed_P30N_C10N_trial_43,100.0,-0.0979357062791571,0.0070133333333332,0.0211,5,40.0,30.0,30.0,30.0,30.0,5.133333333333334
Impurity_40_TS_5_embed_P30N_C10N_trial_44,100.0,0.3825298373092525,0.0003833333333333,0.018,5,40.0,30.0,30.0,30.0,30.0,5.133333333333334
Impurity_40_TS_5_embed_P30N_C10N_trial_45,100.0,-0.0722472469505493,0.0020766666666666,0.0295,5,40.0,60.0,60.0,60.0,60.0,9.766666666666667
Impurity_40_TS_5_embed_P30N_C10N_trial_46,100.0,-0.5947138827558348,0.0022233333333333,0.0230999999999999,5,40.0,55.0,55.0,55.0,55.0,9.3
Impurity_40_TS_5_embed_P30N_C10N_trial_47,100.0,-0.2420476617079003,0.0003799999999999,0.0167,5,40.0,30.0,30.0,30.0,30.0,5.166666666666667
Impurity_40_TS_5_embed_P30N_C10N_trial_48,100.0,-0.0163554193600628,0.022733333333333,0.0201,5,40.0,20.0,20.0,20.0,20.0,3.966666666666667
Impurity_40_TS_5_embed_P30N_C10N_trial_49,100.0,-0.891943658520055,0.1254333333333293,0.0245,5,40.0,60.0,60.0,60.0,60.0,9.9
Impurity_40_TS_5_embed_P30N_C10N_trial_50,100.0,-0.6095053365942561,0.0064233333333333,0.0279,5,40.0,15.0,15.0,15.0,15.0,2.433333333333333
Impurity_40_TS_5_embed_P30N_C10N_trial_51,100.0,-0.3926766190538828,0.0318466666666654,0.0211,5,40.0,30.0,30.0,30.0,30.0,5.766666666666667
Impurity_40_TS_5_embed_P30N_C10N_trial_52,100.0,-0.3499600493314773,0.0021166666666666,0.0235,5,40.0,20.0,20.0,20.0,20.0,3.4
Impurity_40_TS_5_embed_P30N_C10N_trial_53,100.0,-0.6717306937588614,0.0045366666666666,0.0288,5,40.0,50.0,50.0,50.0,50.0,7.966666666666667
Impurity_40_TS_5_embed_P30N_C10N_trial_54,100.0,-0.1905161163537788,0.0049133333333333,0.0225,5,40.0,45.0,45.0,45.0,45.0,7.933333333333334
Impurity_40_TS_5_embed_P30N_C10N_trial_55,100.0,-0.6271324087626361,0.0060099999999999,0.0196,5,40.0,40.0,40.0,40.0,40.0,7.4
Impurity_40_TS_5_embed_P30N_C10N_trial_56,100.0,-0.8723568171624881,0.2027399999999959,0.023,5,40.0,25.0,25.0,25.0,25.0,4.366666666666666
Impurity_40_TS_5_embed_P30N_C10N_trial_57,100.0,-0.0238640867621627,0.0002933333333333,0.0243999999999999,5,40.0,50.0,50.0,50.0,50.0,8.5
Impurity_40_TS_5_embed_P30N_C10N_trial_58,100.0,-0.0412340777395193,0.0441566666666651,0.0263,5,40.0,30.0,30.0,30.0,30.0,5.233333333333333
Impurity_40_TS_5_embed_P30N_C10N_trial_59,100.0,-0.3617663589835119,0.0110633333333332,0.0271,5,40.0,55.0,55.0,55.0,55.0,9.066666666666666
Impurity_40_TS_5_embed_P30N_C10N_trial_60,100.0,-0.7933935681729479,0.0,0.0369,5,40.0,15.0,15.0,15.0,15.0,3.033333333333333
Impurity_40_TS_5_embed_P30N_C10N_trial_61,100.0,-0.6431002483628955,0.008273333333333,0.0197999999999999,5,40.0,50.0,50.0,50.0,50.0,8.766666666666667
Impurity_40_TS_5_embed_P30N_C10N_trial_62,100.0,0.2861918642904354,3.3333333333333335e-05,0.027,5,40.0,15.0,15.0,15.0,15.0,2.966666666666667
Impurity_40_TS_5_embed_P30N_C10N_trial_63,100.0,-0.3227533880768117,0.0054666666666662,0.0243,5,40.0,10.0,10.0,10.0,10.0,2.0
Impurity_40_TS_5_embed_P30N_C10N_trial_64,100.0,-0.7215196943343215,0.0001133333333333,0.0313,5,40.0,50.0,50.0,50.0,50.0,8.966666666666667
Impurity_40_TS_5_embed_P30N_C10N_trial_65,100.0,-0.1888995927197202,9.66666666666667e-05,0.0243,5,40.0,15.0,15.0,15.0,15.0,2.433333333333333
Impurity_40_TS_5_embed_P30N_C10N_trial_66,100.0,-0.3419093642655677,0.00446,0.0233999999999999,5,40.0,25.0,25.0,25.0,25.0,4.733333333333333
Impurity_40_TS_5_embed_P30N_C10N_trial_67,100.0,0.7780409973497083,0.0020033333333333,0.0237999999999999,5,40.0,45.0,45.0,45.0,45.0,7.733333333333333
Impurity_40_TS_5_embed_P30N_C10N_trial_68,100.0,0.3614271907407962,0.0447099999999979,0.0269,5,40.0,20.0,20.0,20.0,20.0,3.933333333333333
Impurity_40_TS_5_embed_P30N_C10N_trial_69,100.0,0.1240038983228393,0.0017199999999999,0.0303,5,40.0,15.0,15.0,15.0,15.0,3.033333333333333
Impurity_40_TS_5_embed_P30N_C10N_trial_70,100.0,-0.6782284340180859,0.0037,0.0228,5,40.0,40.0,40.0,40.0,40.0,7.366666666666666
Impurity_40_TS_5_embed_P30N_C10N_trial_71,100.0,-0.7681599771661064,0.0186466666666663,0.0299,5,40.0,25.0,25.0,25.0,25.0,4.9
Impurity_40_TS_5_embed_P30N_C10N_trial_72,100.0,-0.7361575986530614,0.0007433333333333,0.022,5,40.0,35.0,35.0,35.0,35.0,5.666666666666667
Impurity_40_TS_5_embed_P30N_C10N_trial_73,100.0,-0.2256954792094033,0.0176133333333331,0.0233,5,40.0,45.0,45.0,45.0,45.0,8.2
Impurity_40_TS_5_embed_P30N_C10N_trial_74,100.0,0.1087394810809772,0.0070599999999999,0.0196,5,40.0,30.0,30.0,30.0,30.0,5.4
Impurity_40_TS_5_embed_P30N_C10N_trial_75,100.0,-0.3899760454806855,0.0127833333333328,0.0281,5,40.0,15.0,15.0,15.0,15.0,3.3
Impurity_40_TS_5_embed_P30N_C10N_trial_76,100.0,-0.071918517525501,0.0074366666666662,0.0222,5,40.0,25.0,25.0,25.0,25.0,4.1
Impurity_40_TS_5_embed_P30N_C10N_trial_77,100.0,-0.5618758513856147,0.0064533333333332,0.0215999999999999,5,40.0,25.0,25.0,25.0,25.0,4.733333333333333
Impurity_40_TS_5_embed_P30N_C10N_trial_78,100.0,0.4400447938882457,0.0033333333333333,0.0193,5,40.0,20.0,20.0,20.0,20.0,3.566666666666667
Impurity_40_TS_5_embed_P30N_C10N_trial_79,100.0,-0.454504628267792,0.0053899999999995,0.0252,5,40.0,20.0,20.0,20.0,20.0,4.2
Impurity_40_TS_5_embed_P30N_C10N_trial_80,100.0,-0.5158690883879947,0.0058599999999999,0.0334,5,40.0,40.0,40.0,40.0,40.0,6.833333333333333
Impurity_40_TS_5_embed_P30N_C10N_trial_81,100.0,-0.8829406775757491,0.00369,0.0305,5,40.0,30.0,30.0,30.0,30.0,5.066666666666666
Impurity_40_TS_5_embed_P30N_C10N_trial_82,100.0,-0.3753795174861309,0.0014233333333333,0.0206,5,40.0,20.0,20.0,20.0,20.0,3.3666666666666667
Impurity_40_TS_5_embed_P30N_C10N_trial_83,100.0,-0.8023234988382519,0.0900433333333275,0.0297,5,40.0,25.0,25.0,25.0,25.0,4.6
Impurity_40_TS_5_embed_P30N_C10N_trial_84,100.0,-0.1793796504264478,0.00283,0.0211,5,40.0,30.0,30.0,30.0,30.0,5.4
Impurity_40_TS_5_embed_P30N_C10N_trial_85,100.0,-0.8046466896630954,0.0081799999999996,0.0255999999999999,5,40.0,45.0,45.0,45.0,45.0,7.966666666666667
Impurity_40_TS_5_embed_P30N_C10N_trial_86,100.0,-0.3068008937483105,0.0049733333333333,0.0282999999999999,5,40.0,20.0,20.0,20.0,20.0,4.366666666666666
Impurity_40_TS_5_embed_P30N_C10N_trial_87,100.0,-0.4987599272848829,0.0034733333333333,0.024,5,40.0,15.0,15.0,15.0,15.0,3.2333333333333334
Impurity_40_TS_5_embed_P30N_C10N_trial_88,100.0,-0.6293008378892371,0.0074966666666666,0.0291999999999999,5,40.0,55.0,55.0,55.0,55.0,9.133333333333333
Impurity_40_TS_5_embed_P30N_C10N_trial_89,100.0,-0.1565367220719554,0.0058999999999999,0.021,5,40.0,30.0,30.0,30.0,30.0,5.733333333333333
Impurity_40_TS_5_embed_P30N_C10N_trial_90,100.0,0.7728211594098823,0.0016233333333333,0.019,5,40.0,25.0,25.0,25.0,25.0,4.466666666666667
Impurity_40_TS_5_embed_P30N_C10N_trial_91,100.0,-0.0153221029426722,0.0222899999999999,0.0195,5,40.0,60.0,60.0,60.0,60.0,9.166666666666666
Impurity_40_TS_5_embed_P30N_C10N_trial_92,100.0,-0.1014227602385129,0.00189,0.03,5,40.0,45.0,45.0,45.0,45.0,7.3
Impurity_40_TS_5_embed_P30N_C10N_trial_93,100.0,-0.7135955156162163,0.0175966666666663,0.0245,5,40.0,50.0,50.0,50.0,50.0,8.733333333333333
Impurity_40_TS_5_embed_P30N_C10N_trial_94,100.0,-0.4815350995516756,0.0012033333333333,0.0265,5,40.0,25.0,25.0,25.0,25.0,4.4
Impurity_40_TS_5_embed_P30N_C10N_trial_95,100.0,-0.1926959116932943,0.0779799999999951,0.0241,5,40.0,10.0,10.0,10.0,10.0,2.1333333333333333
Impurity_40_TS_5_embed_P30N_C10N_trial_96,100.0,-0.4141395850660517,0.00047,0.0164999999999999,5,40.0,30.0,30.0,30.0,30.0,5.3
Impurity_40_TS_5_embed_P30N_C10N_trial_97,100.0,-0.375740721791576,0.0002899999999999,0.0246,5,40.0,30.0,30.0,30.0,30.0,5.8
Impurity_40_TS_5_embed_P30N_C10N_trial_98,100.0,-0.577213461259733,0.0024466666666666,0.0336,5,40.0,25.0,25.0,25.0,25.0,5.033333333333333
Impurity_40_TS_5_embed_P30N_C10N_trial_99,100.0,-0.7665389126606645,0.0213466666666652,0.0244,5,40.0,20.0,20.0,20.0,20.0,4.0
Impurity_60_TS_5_embed_P30N_C10N_trial_0,100.0,0.4518114683228214,1.3333333333333337e-05,0.0196,5,60.0,20.0,20.0,20.0,20.0,3.933333333333333
Impurity_60_TS_5_embed_P30N_C10N_trial_1,100.0,-0.4981631902776997,3.3333333333333337e-06,0.0187,5,60.0,45.0,45.0,45.0,45.0,8.4
Impurity_60_TS_5_embed_P30N_C10N_trial_2,100.0,0.8386000968909706,1e-05,0.0157,5,60.0,20.0,20.0,20.0,20.0,4.0
Impurity_60_TS_5_embed_P30N_C10N_trial_3,100.0,-0.6731957031199,3.3333333333333337e-06,0.0144,5,60.0,40.0,40.0,40.0,40.0,7.0
Impurity_60_TS_5_embed_P30N_C10N_trial_4,100.0,0.4885964403627695,0.0,0.0174,5,60.0,40.0,40.0,40.0,40.0,7.5
Impurity_60_TS_5_embed_P30N_C10N_trial_5,100.0,0.1098932552945692,6.666666666666668e-06,0.0204,5,60.0,60.0,60.0,60.0,60.0,10.233333333333333
Impurity_60_TS_5_embed_P30N_C10N_trial_6,100.0,-0.0341384988566642,3.3333333333333337e-06,0.0158,5,60.0,50.0,50.0,50.0,50.0,8.133333333333333
Impurity_60_TS_5_embed_P30N_C10N_trial_7,100.0,0.8886238524150484,0.0,0.0144,5,60.0,40.0,40.0,40.0,40.0,7.0
Impurity_60_TS_5_embed_P30N_C10N_trial_8,100.0,0.8159546474037388,3.3333333333333337e-06,0.0193,5,60.0,15.0,15.0,15.0,15.0,3.1333333333333333
Impurity_60_TS_5_embed_P30N_C10N_trial_9,100.0,-0.782948381007265,2.666666666666667e-05,0.0186,5,60.0,50.0,50.0,50.0,50.0,8.2
Impurity_60_TS_5_embed_P30N_C10N_trial_10,100.0,0.6167319154641207,0.0,0.014,5,60.0,15.0,15.0,15.0,15.0,2.7666666666666666
Impurity_60_TS_5_embed_P30N_C10N_trial_11,100.0,0.0314401662196089,4.666666666666666e-05,0.0182,5,60.0,45.0,45.0,45.0,45.0,7.733333333333333
Impurity_60_TS_5_embed_P30N_C10N_trial_12,100.0,-0.5837344811735989,0.0,0.0131999999999999,5,60.0,25.0,25.0,25.0,25.0,4.566666666666666
Impurity_60_TS_5_embed_P30N_C10N_trial_13,100.0,-0.1721204402898398,0.0,0.0169,5,60.0,10.0,10.0,10.0,10.0,2.1666666666666665
Impurity_60_TS_5_embed_P30N_C10N_trial_14,100.0,0.0562593450986949,0.0,0.0157,5,60.0,30.0,30.0,30.0,30.0,6.1
Impurity_60_TS_5_embed_P30N_C10N_trial_15,100.0,0.6749988242936077,3.3333333333333337e-06,0.0182,5,60.0,60.0,60.0,60.0,60.0,10.0
Impurity_60_TS_5_embed_P30N_C10N_trial_16,100.0,0.5756811900432307,6.666666666666668e-06,0.0130999999999999,5,60.0,15.0,15.0,15.0,15.0,3.1333333333333333
Impurity_60_TS_5_embed_P30N_C10N_trial_17,100.0,0.8806142128547929,0.0,0.0197,5,60.0,25.0,25.0,25.0,25.0,4.6
Impurity_60_TS_5_embed_P30N_C10N_trial_18,100.0,0.6628448519637521,0.0,0.0148999999999999,5,60.0,35.0,35.0,35.0,35.0,6.066666666666666
Impurity_60_TS_5_embed_P30N_C10N_trial_19,100.0,0.8186363643596372,2e-05,0.0174,5,60.0,45.0,45.0,45.0,45.0,7.666666666666667
Impurity_60_TS_5_embed_P30N_C10N_trial_20,100.0,0.485238884133635,0.0,0.0177999999999999,5,60.0,55.0,55.0,55.0,55.0,9.266666666666667
Impurity_60_TS_5_embed_P30N_C10N_trial_21,100.0,0.8089848590306342,0.0,0.0209,5,60.0,55.0,55.0,55.0,55.0,9.4
Impurity_60_TS_5_embed_P30N_C10N_trial_22,100.0,-0.20708077284959,3.3333333333333337e-06,0.0158,5,60.0,15.0,15.0,15.0,15.0,2.8666666666666667
Impurity_60_TS_5_embed_P30N_C10N_trial_23,100.0,0.799371055457908,3.3333333333333337e-06,0.015,5,60.0,20.0,20.0,20.0,20.0,3.6
Impurity_60_TS_5_embed_P30N_C10N_trial_24,100.0,-0.3124820035795412,0.0,0.0197999999999999,5,60.0,30.0,30.0,30.0,30.0,5.6
Impurity_60_TS_5_embed_P30N_C10N_trial_25,100.0,0.3083804563962356,1.6666666666666667e-05,0.0175999999999999,5,60.0,60.0,60.0,60.0,60.0,9.4
Impurity_60_TS_5_embed_P30N_C10N_trial_26,100.0,0.7030087743299812,0.0,0.0163,5,60.0,25.0,25.0,25.0,25.0,4.966666666666667
Impurity_60_TS_5_embed_P30N_C10N_trial_27,100.0,0.893115737414959,0.0,0.0187,5,60.0,15.0,15.0,15.0,15.0,2.933333333333333
Impurity_60_TS_5_embed_P30N_C10N_trial_28,100.0,0.8291605292033993,1.3333333333333337e-05,0.0183999999999999,5,60.0,15.0,15.0,15.0,15.0,3.0
Impurity_60_TS_5_embed_P30N_C10N_trial_29,100.0,0.0044610729130747,0.0,0.0156,5,60.0,15.0,15.0,15.0,15.0,2.966666666666667
Impurity_60_TS_5_embed_P30N_C10N_trial_30,100.0,0.6194931883946005,0.0,0.0176,5,60.0,25.0,25.0,25.0,25.0,4.6
Impurity_60_TS_5_embed_P30N_C10N_trial_31,100.0,0.4401988568485619,0.0,0.0173,5,60.0,35.0,35.0,35.0,35.0,6.1
Impurity_60_TS_5_embed_P30N_C10N_trial_32,100.0,0.4344040203102832,0.0,0.0157,5,60.0,40.0,40.0,40.0,40.0,7.166666666666667
Impurity_60_TS_5_embed_P30N_C10N_trial_33,100.0,0.3327284149266277,1e-05,0.0158999999999999,5,60.0,15.0,15.0,15.0,15.0,3.033333333333333
Impurity_60_TS_5_embed_P30N_C10N_trial_34,100.0,0.5307327701791633,0.0,0.0184,5,60.0,40.0,40.0,40.0,40.0,6.933333333333334
Impurity_60_TS_5_embed_P30N_C10N_trial_35,100.0,-0.098620476890232,0.0,0.0125,5,60.0,10.0,10.0,10.0,10.0,2.3666666666666667
Impurity_60_TS_5_embed_P30N_C10N_trial_36,100.0,0.684137110790131,6.666666666666668e-06,0.0203,5,60.0,55.0,55.0,55.0,55.0,9.033333333333331
Impurity_60_TS_5_embed_P30N_C10N_trial_37,100.0,0.4230492279716749,0.0,0.0155,5,60.0,55.0,55.0,55.0,55.0,9.066666666666666
Impurity_60_TS_5_embed_P30N_C10N_trial_38,100.0,0.5951240963784611,0.0,0.0203,5,60.0,50.0,50.0,50.0,50.0,8.166666666666666
Impurity_60_TS_5_embed_P30N_C10N_trial_39,100.0,0.6106354441348941,0.0,0.0174,5,60.0,35.0,35.0,35.0,35.0,5.933333333333334
Impurity_60_TS_5_embed_P30N_C10N_trial_40,100.0,0.0915392292209075,6.666666666666668e-06,0.0216,5,60.0,20.0,20.0,20.0,20.0,4.066666666666666
Impurity_60_TS_5_embed_P30N_C10N_trial_41,100.0,-0.1590057530174613,3.3333333333333337e-06,0.019,5,60.0,60.0,60.0,60.0,60.0,9.766666666666667
Impurity_60_TS_5_embed_P30N_C10N_trial_42,100.0,0.6704477633053462,0.0,0.0141999999999999,5,60.0,30.0,30.0,30.0,30.0,5.1
Impurity_60_TS_5_embed_P30N_C10N_trial_43,100.0,0.7530902007679243,3.3333333333333337e-06,0.0166,5,60.0,40.0,40.0,40.0,40.0,7.166666666666667
Impurity_60_TS_5_embed_P30N_C10N_trial_44,100.0,-0.7169231418379154,0.0,0.0185,5,60.0,25.0,25.0,25.0,25.0,4.7
Impurity_60_TS_5_embed_P30N_C10N_trial_45,100.0,-0.4144086596388076,6.666666666666668e-06,0.0227,5,60.0,60.0,60.0,60.0,60.0,9.7
Impurity_60_TS_5_embed_P30N_C10N_trial_46,100.0,0.3279964265983932,0.0,0.0171,5,60.0,20.0,20.0,20.0,20.0,3.3
Impurity_60_TS_5_embed_P30N_C10N_trial_47,100.0,0.4144860621216505,2.666666666666667e-05,0.0177,5,60.0,45.0,45.0,45.0,45.0,7.533333333333333
Impurity_60_TS_5_embed_P30N_C10N_trial_48,100.0,0.455075494085606,0.0,0.0175,5,60.0,30.0,30.0,30.0,30.0,5.9
Impurity_60_TS_5_embed_P30N_C10N_trial_49,100.0,0.0205599677700223,0.0,0.012,5,60.0,30.0,30.0,30.0,30.0,5.133333333333334
Impurity_60_TS_5_embed_P30N_C10N_trial_50,100.0,-0.3709752352185763,0.0,0.0192,5,60.0,10.0,10.0,10.0,10.0,1.9333333333333331
Impurity_60_TS_5_embed_P30N_C10N_trial_51,100.0,0.3438005660004829,6.666666666666668e-06,0.0208,5,60.0,25.0,25.0,25.0,25.0,4.333333333333333
Impurity_60_TS_5_embed_P30N_C10N_trial_52,100.0,0.8005367448585989,3.3333333333333337e-06,0.0212,5,60.0,15.0,15.0,15.0,15.0,2.7666666666666666
Impurity_60_TS_5_embed_P30N_C10N_trial_53,100.0,0.3992968799159103,0.0,0.0168,5,60.0,35.0,35.0,35.0,35.0,6.633333333333334
Impurity_60_TS_5_embed_P30N_C10N_trial_54,100.0,0.2692033570781145,0.0,0.0156,5,60.0,15.0,15.0,15.0,15.0,2.6
Impurity_60_TS_5_embed_P30N_C10N_trial_55,100.0,-0.0570195203365991,3.3333333333333337e-06,0.0152999999999999,5,60.0,25.0,25.0,25.0,25.0,4.366666666666666
Impurity_60_TS_5_embed_P30N_C10N_trial_56,100.0,-0.0713129184755773,0.0,0.0153,5,60.0,15.0,15.0,15.0,15.0,2.8666666666666667
Impurity_60_TS_5_embed_P30N_C10N_trial_57,100.0,0.4403530352264481,2.3333333333333336e-05,0.017,5,60.0,35.0,35.0,35.0,35.0,5.966666666666667
Impurity_60_TS_5_embed_P30N_C10N_trial_58,100.0,0.1130840099065647,3.3333333333333337e-06,0.0126,5,60.0,45.0,45.0,45.0,45.0,7.533333333333333
Impurity_60_TS_5_embed_P30N_C10N_trial_59,100.0,-0.0926700122033955,3.3333333333333337e-06,0.0163999999999999,5,60.0,30.0,30.0,30.0,30.0,5.4
Impurity_60_TS_5_embed_P30N_C10N_trial_60,100.0,-0.1413362472998742,0.0,0.0176,5,60.0,15.0,15.0,15.0,15.0,2.7333333333333334
Impurity_60_TS_5_embed_P30N_C10N_trial_61,100.0,0.5050427299724165,0.0,0.0166,5,60.0,55.0,55.0,55.0,55.0,9.333333333333334
Impurity_60_TS_5_embed_P30N_C10N_trial_62,100.0,0.3093120171634863,0.00012,0.0168,5,60.0,40.0,40.0,40.0,40.0,6.9
Impurity_60_TS_5_embed_P30N_C10N_trial_63,100.0,0.6901115934656176,0.0,0.0144,5,60.0,15.0,15.0,15.0,15.0,2.6
Impurity_60_TS_5_embed_P30N_C10N_trial_64,100.0,0.4577465113916515,0.0,0.0176,5,60.0,25.0,25.0,25.0,25.0,4.7
Impurity_60_TS_5_embed_P30N_C10N_trial_65,100.0,0.8501390443381427,0.0,0.0161,5,60.0,30.0,30.0,30.0,30.0,5.4
Impurity_60_TS_5_embed_P30N_C10N_trial_66,100.0,0.7857710625140654,0.0,0.0155,5,60.0,45.0,45.0,45.0,45.0,7.7
Impurity_60_TS_5_embed_P30N_C10N_trial_67,100.0,0.5854384849462088,3.3333333333333335e-05,0.0169,5,60.0,45.0,45.0,45.0,45.0,8.0
Impurity_60_TS_5_embed_P30N_C10N_trial_68,100.0,0.8401791529330735,6.666666666666668e-06,0.0222,5,60.0,15.0,15.0,15.0,15.0,3.2666666666666666
Impurity_60_TS_5_embed_P30N_C10N_trial_69,100.0,0.8012007911965303,1e-05,0.0168,5,60.0,25.0,25.0,25.0,25.0,4.566666666666666
Impurity_60_TS_5_embed_P30N_C10N_trial_70,100.0,0.0419695318482668,0.0,0.0178,5,60.0,15.0,15.0,15.0,15.0,2.833333333333333
Impurity_60_TS_5_embed_P30N_C10N_trial_71,100.0,-0.6152398450811775,1e-05,0.0183,5,60.0,60.0,60.0,60.0,60.0,10.033333333333331
Impurity_60_TS_5_embed_P30N_C10N_trial_72,100.0,-0.2311950365169688,0.0,0.0181999999999999,5,60.0,30.0,30.0,30.0,30.0,5.233333333333333
Impurity_60_TS_5_embed_P30N_C10N_trial_73,100.0,-0.5575677349650248,6.666666666666668e-06,0.016,5,60.0,15.0,15.0,15.0,15.0,2.966666666666667
Impurity_60_TS_5_embed_P30N_C10N_trial_74,100.0,0.2549222667211481,0.0,0.0158,5,60.0,30.0,30.0,30.0,30.0,5.833333333333333
Impurity_60_TS_5_embed_P30N_C10N_trial_75,100.0,-0.2140412401383072,2e-05,0.0183,5,60.0,35.0,35.0,35.0,35.0,6.5
Impurity_60_TS_5_embed_P30N_C10N_trial_76,100.0,0.5598868242466326,3.3333333333333337e-06,0.0163,5,60.0,10.0,10.0,10.0,10.0,2.1666666666666665
Impurity_60_TS_5_embed_P30N_C10N_trial_77,100.0,0.434198872295346,1.3333333333333337e-05,0.0147,5,60.0,35.0,35.0,35.0,35.0,5.833333333333333
Impurity_60_TS_5_embed_P30N_C10N_trial_78,100.0,-0.493652423645837,3.0000000000000004e-05,0.0158999999999999,5,60.0,55.0,55.0,55.0,55.0,9.633333333333333
Impurity_60_TS_5_embed_P30N_C10N_trial_79,100.0,-0.3042444220755987,3.0000000000000004e-05,0.0191,5,60.0,15.0,15.0,15.0,15.0,2.566666666666667
Impurity_60_TS_5_embed_P30N_C10N_trial_80,100.0,0.4919378675017494,1e-05,0.0221999999999999,5,60.0,30.0,30.0,30.0,30.0,5.6
Impurity_60_TS_5_embed_P30N_C10N_trial_81,100.0,0.2067402590948772,0.0,0.0176,5,60.0,40.0,40.0,40.0,40.0,7.066666666666666
Impurity_60_TS_5_embed_P30N_C10N_trial_82,100.0,0.7787432133517863,4e-05,0.0161,5,60.0,50.0,50.0,50.0,50.0,8.266666666666667
Impurity_60_TS_5_embed_P30N_C10N_trial_83,100.0,-0.8530791310232817,0.0,0.0155,5,60.0,25.0,25.0,25.0,25.0,4.933333333333334
Impurity_60_TS_5_embed_P30N_C10N_trial_84,100.0,0.4251035897874639,1.3333333333333337e-05,0.0111999999999999,5,60.0,25.0,25.0,25.0,25.0,5.133333333333334
Impurity_60_TS_5_embed_P30N_C10N_trial_85,100.0,-0.2177556697518092,0.0,0.0164,5,60.0,55.0,55.0,55.0,55.0,9.033333333333331
Impurity_60_TS_5_embed_P30N_C10N_trial_86,100.0,0.675795330161626,6.666666666666668e-06,0.0164999999999999,5,60.0,40.0,40.0,40.0,40.0,7.333333333333333
Impurity_60_TS_5_embed_P30N_C10N_trial_87,100.0,-0.6256607678377024,0.0,0.0166,5,60.0,10.0,10.0,10.0,10.0,2.1666666666666665
Impurity_60_TS_5_embed_P30N_C10N_trial_88,100.0,0.4747005928809161,1.3333333333333337e-05,0.0181,5,60.0,30.0,30.0,30.0,30.0,5.733333333333333
Impurity_60_TS_5_embed_P30N_C10N_trial_89,100.0,0.5679063909520657,0.0,0.0166,5,60.0,20.0,20.0,20.0,20.0,3.9
Impurity_60_TS_5_embed_P30N_C10N_trial_90,100.0,0.7383905912643748,0.0,0.0165,5,60.0,50.0,50.0,50.0,50.0,8.933333333333334
Impurity_60_TS_5_embed_P30N_C10N_trial_91,100.0,-0.7196850577713729,0.0,0.0188,5,60.0,20.0,20.0,20.0,20.0,3.5
Impurity_60_TS_5_embed_P30N_C10N_trial_92,100.0,0.6950062878791345,1e-05,0.0158,5,60.0,30.0,30.0,30.0,30.0,5.433333333333334
Impurity_60_TS_5_embed_P30N_C10N_trial_93,100.0,0.4496392605166664,0.0,0.0178,5,60.0,15.0,15.0,15.0,15.0,2.9
Impurity_60_TS_5_embed_P30N_C10N_trial_94,100.0,-0.3352380396976311,0.0,0.0124,5,60.0,15.0,15.0,15.0,15.0,2.466666666666667
Impurity_60_TS_5_embed_P30N_C10N_trial_95,100.0,0.2576541509936769,3.3333333333333337e-06,0.0153,5,60.0,25.0,25.0,25.0,25.0,4.733333333333333
Impurity_60_TS_5_embed_P30N_C10N_trial_96,100.0,0.0570942375949664,1.3333333333333337e-05,0.0163,5,60.0,40.0,40.0,40.0,40.0,6.633333333333334
Impurity_60_TS_5_embed_P30N_C10N_trial_97,100.0,-0.3322993054686498,3.3333333333333337e-06,0.019,5,60.0,30.0,30.0,30.0,30.0,5.933333333333334
Impurity_60_TS_5_embed_P30N_C10N_trial_98,100.0,0.3222946604081705,0.0002533333333333,0.016,5,60.0,50.0,50.0,50.0,50.0,8.533333333333333
Impurity_60_TS_5_embed_P30N_C10N_trial_99,100.0,-0.4752318562805197,0.0,0.0156,5,60.0,25.0,25.0,25.0,25.0,4.566666666666666
Impurity_80_TS_5_embed_P30N_C10N_trial_0,100.0,0.9105398294888798,0.0,0.0379,5,80.0,15.0,15.0,15.0,15.0,2.6333333333333333
Impurity_80_TS_5_embed_P30N_C10N_trial_1,100.0,0.6653675606325856,0.0,0.0385999999999999,5,80.0,20.0,20.0,20.0,20.0,3.433333333333333
Impurity_80_TS_5_embed_P30N_C10N_trial_2,100.0,0.7187039102699094,0.0,0.0389,5,80.0,40.0,40.0,40.0,40.0,7.133333333333334
Impurity_80_TS_5_embed_P30N_C10N_trial_3,100.0,-0.1014303262941174,0.0,0.0406,5,80.0,60.0,60.0,60.0,60.0,9.5
Impurity_80_TS_5_embed_P30N_C10N_trial_4,100.0,0.5307951478916602,0.0,0.0373,5,80.0,15.0,15.0,15.0,15.0,3.066666666666667
Impurity_80_TS_5_embed_P30N_C10N_trial_5,100.0,0.6412551803543496,0.0,0.0438999999999999,5,80.0,55.0,55.0,55.0,55.0,9.266666666666667
Impurity_80_TS_5_embed_P30N_C10N_trial_6,100.0,0.7927013545067539,0.0,0.041,5,80.0,40.0,40.0,40.0,40.0,6.9
Impurity_80_TS_5_embed_P30N_C10N_trial_7,100.0,0.8372133419893922,0.0,0.0385,5,80.0,40.0,40.0,40.0,40.0,7.133333333333334
Impurity_80_TS_5_embed_P30N_C10N_trial_8,100.0,0.7648993629672713,0.0,0.0375,5,80.0,25.0,25.0,25.0,25.0,4.7
Impurity_80_TS_5_embed_P30N_C10N_trial_9,100.0,-0.3477645373510452,0.0,0.0378,5,80.0,45.0,45.0,45.0,45.0,7.4
Impurity_80_TS_5_embed_P30N_C10N_trial_10,100.0,0.8734294210730568,0.0,0.038,5,80.0,30.0,30.0,30.0,30.0,5.5
Impurity_80_TS_5_embed_P30N_C10N_trial_11,100.0,0.8566273415729483,0.0,0.0377,5,80.0,35.0,35.0,35.0,35.0,6.1
Impurity_80_TS_5_embed_P30N_C10N_trial_12,100.0,0.8510331881501974,0.0,0.0395999999999999,5,80.0,40.0,40.0,40.0,40.0,7.266666666666667
Impurity_80_TS_5_embed_P30N_C10N_trial_13,100.0,0.5995808538937217,0.0,0.0406,5,80.0,35.0,35.0,35.0,35.0,6.1
Impurity_80_TS_5_embed_P30N_C10N_trial_14,100.0,0.1975910302556391,0.0,0.0417,5,80.0,55.0,55.0,55.0,55.0,9.4
Impurity_80_TS_5_embed_P30N_C10N_trial_15,100.0,0.7335502868254803,0.0,0.0393,5,80.0,30.0,30.0,30.0,30.0,5.8
Impurity_80_TS_5_embed_P30N_C10N_trial_16,100.0,0.6700218966820799,0.0,0.0377,5,80.0,30.0,30.0,30.0,30.0,5.233333333333333
Impurity_80_TS_5_embed_P30N_C10N_trial_17,100.0,0.5936044732303554,0.0,0.0384,5,80.0,25.0,25.0,25.0,25.0,4.1
Impurity_80_TS_5_embed_P30N_C10N_trial_18,100.0,0.9015595471545784,0.0,0.0394,5,80.0,45.0,45.0,45.0,45.0,7.966666666666667
Impurity_80_TS_5_embed_P30N_C10N_trial_19,100.0,-0.0221366899307114,0.0,0.0379,5,80.0,20.0,20.0,20.0,20.0,3.966666666666667
Impurity_80_TS_5_embed_P30N_C10N_trial_20,100.0,0.2491693172263838,0.0,0.0377,5,80.0,15.0,15.0,15.0,15.0,2.7
Impurity_80_TS_5_embed_P30N_C10N_trial_21,100.0,0.9117004468473574,0.0,0.0389,5,80.0,35.0,35.0,35.0,35.0,6.1
Impurity_80_TS_5_embed_P30N_C10N_trial_22,100.0,0.8067513308952422,0.0,0.0379,5,80.0,20.0,20.0,20.0,20.0,3.7666666666666666
Impurity_80_TS_5_embed_P30N_C10N_trial_23,100.0,0.750252265058625,0.0,0.0376,5,80.0,20.0,20.0,20.0,20.0,4.233333333333333
Impurity_80_TS_5_embed_P30N_C10N_trial_24,100.0,-0.1332146132050802,0.0,0.0416,5,80.0,55.0,55.0,55.0,55.0,9.7
Impurity_80_TS_5_embed_P30N_C10N_trial_25,100.0,0.8899958860265023,0.0,0.0392,5,80.0,35.0,35.0,35.0,35.0,5.933333333333334
Impurity_80_TS_5_embed_P30N_C10N_trial_26,100.0,0.739073558121694,0.0,0.041,5,80.0,50.0,50.0,50.0,50.0,8.133333333333333
Impurity_80_TS_5_embed_P30N_C10N_trial_27,100.0,-0.0362356393839019,0.0,0.0394,5,80.0,45.0,45.0,45.0,45.0,7.5
Impurity_80_TS_5_embed_P30N_C10N_trial_28,100.0,0.9563348152760126,0.0,0.0397,5,80.0,50.0,50.0,50.0,50.0,8.533333333333333
Impurity_80_TS_5_embed_P30N_C10N_trial_29,100.0,0.230314278082406,0.0,0.0424,5,80.0,60.0,60.0,60.0,60.0,9.133333333333333
Impurity_80_TS_5_embed_P30N_C10N_trial_30,100.0,-0.28263387288539,0.0,0.0357,5,80.0,45.0,45.0,45.0,45.0,8.266666666666667
Impurity_80_TS_5_embed_P30N_C10N_trial_31,100.0,0.7518440321441873,0.0,0.0396,5,80.0,55.0,55.0,55.0,55.0,9.133333333333333
Impurity_80_TS_5_embed_P30N_C10N_trial_32,100.0,0.8509750966648105,0.0,0.0391,5,80.0,35.0,35.0,35.0,35.0,6.266666666666667
Impurity_80_TS_5_embed_P30N_C10N_trial_33,100.0,0.7433676880511667,0.0,0.0392,5,80.0,10.0,10.0,10.0,10.0,2.2666666666666666
Impurity_80_TS_5_embed_P30N_C10N_trial_34,100.0,0.836954352046749,0.0,0.0383,5,80.0,20.0,20.0,20.0,20.0,3.733333333333333
Impurity_80_TS_5_embed_P30N_C10N_trial_35,100.0,0.4287999172145667,0.0,0.0396,5,80.0,35.0,35.0,35.0,35.0,6.5
Impurity_80_TS_5_embed_P30N_C10N_trial_36,100.0,0.8342704932070529,0.0,0.0382,5,80.0,15.0,15.0,15.0,15.0,3.033333333333333
Impurity_80_TS_5_embed_P30N_C10N_trial_37,100.0,0.7996105764731197,0.0,0.0373,5,80.0,20.0,20.0,20.0,20.0,3.8666666666666663
Impurity_80_TS_5_embed_P30N_C10N_trial_38,100.0,0.714408767757532,0.0,0.037,5,80.0,15.0,15.0,15.0,15.0,2.966666666666667
Impurity_80_TS_5_embed_P30N_C10N_trial_39,100.0,0.6871212481620274,0.0,0.0411,5,80.0,50.0,50.0,50.0,50.0,8.6
Impurity_80_TS_5_embed_P30N_C10N_trial_40,100.0,0.5566769234265644,0.0,0.0409999999999999,5,80.0,50.0,50.0,50.0,50.0,8.433333333333334
Impurity_80_TS_5_embed_P30N_C10N_trial_41,100.0,0.3611010275535131,0.0,0.0384,5,80.0,40.0,40.0,40.0,40.0,7.066666666666666
Impurity_80_TS_5_embed_P30N_C10N_trial_42,100.0,0.444519138765893,0.0,0.0397,5,80.0,35.0,35.0,35.0,35.0,6.566666666666666
Impurity_80_TS_5_embed_P30N_C10N_trial_43,100.0,0.4596743583586,0.0,0.0374,5,80.0,15.0,15.0,15.0,15.0,3.2333333333333334
Impurity_80_TS_5_embed_P30N_C10N_trial_44,100.0,0.7893456180137247,0.0,0.0389999999999999,5,80.0,45.0,45.0,45.0,45.0,7.966666666666667
Impurity_80_TS_5_embed_P30N_C10N_trial_45,100.0,0.4842631948456994,0.0,0.0406,5,80.0,45.0,45.0,45.0,45.0,8.033333333333333
Impurity_80_TS_5_embed_P30N_C10N_trial_46,100.0,0.7114579748023704,0.0,0.0401,5,80.0,50.0,50.0,50.0,50.0,8.233333333333333
Impurity_80_TS_5_embed_P30N_C10N_trial_47,100.0,0.8796067521118479,0.0,0.0380999999999999,5,80.0,35.0,35.0,35.0,35.0,6.8
Impurity_80_TS_5_embed_P30N_C10N_trial_48,100.0,0.864956693624277,0.0,0.0356,5,80.0,15.0,15.0,15.0,15.0,2.5
Impurity_80_TS_5_embed_P30N_C10N_trial_49,100.0,0.8421771069947881,0.0,0.0367,5,80.0,10.0,10.0,10.0,10.0,2.1
Impurity_80_TS_5_embed_P30N_C10N_trial_50,100.0,0.6235266099789926,0.0,0.0385999999999999,5,80.0,30.0,30.0,30.0,30.0,5.066666666666666
Impurity_80_TS_5_embed_P30N_C10N_trial_51,100.0,0.756586868701306,0.0,0.0427,5,80.0,50.0,50.0,50.0,50.0,8.833333333333334
Impurity_80_TS_5_embed_P30N_C10N_trial_52,100.0,0.6906059080923745,0.0,0.0393,5,80.0,40.0,40.0,40.0,40.0,7.433333333333334
Impurity_80_TS_5_embed_P30N_C10N_trial_53,100.0,0.8513596611804864,0.0,0.037,5,80.0,40.0,40.0,40.0,40.0,6.933333333333334
Impurity_80_TS_5_embed_P30N_C10N_trial_54,100.0,0.7930897945972544,0.0,0.0376,5,80.0,20.0,20.0,20.0,20.0,3.533333333333333
Impurity_80_TS_5_embed_P30N_C10N_trial_55,100.0,0.8769074054081313,0.0,0.0375,5,80.0,10.0,10.0,10.0,10.0,2.4
Impurity_80_TS_5_embed_P30N_C10N_trial_56,100.0,0.9077858370921962,0.0,0.0405999999999999,5,80.0,45.0,45.0,45.0,45.0,7.366666666666666
Impurity_80_TS_5_embed_P30N_C10N_trial_57,100.0,-0.0099871879561475,0.0,0.0394,5,80.0,45.0,45.0,45.0,45.0,7.866666666666666
Impurity_80_TS_5_embed_P30N_C10N_trial_58,100.0,0.7102793384943523,0.0,0.0365999999999999,5,80.0,20.0,20.0,20.0,20.0,3.333333333333333
Impurity_80_TS_5_embed_P30N_C10N_trial_59,100.0,0.6276546389076906,0.0,0.0382,5,80.0,30.0,30.0,30.0,30.0,5.733333333333333
Impurity_80_TS_5_embed_P30N_C10N_trial_60,100.0,0.7653119706348368,0.0,0.0405,5,80.0,45.0,45.0,45.0,45.0,7.6
Impurity_80_TS_5_embed_P30N_C10N_trial_61,100.0,0.8812868915273587,0.0,0.0381,5,80.0,10.0,10.0,10.0,10.0,2.0
Impurity_80_TS_5_embed_P30N_C10N_trial_62,100.0,0.691527827508751,0.0,0.0411,5,80.0,55.0,55.0,55.0,55.0,9.466666666666669
Impurity_80_TS_5_embed_P30N_C10N_trial_63,100.0,0.9484507005071536,0.0,0.0371,5,80.0,15.0,15.0,15.0,15.0,2.7
Impurity_80_TS_5_embed_P30N_C10N_trial_64,100.0,0.8724626880959314,0.0,0.039,5,80.0,35.0,35.0,35.0,35.0,6.066666666666666
Impurity_80_TS_5_embed_P30N_C10N_trial_65,100.0,0.7729301586103405,0.0,0.0399,5,80.0,25.0,25.0,25.0,25.0,4.733333333333333
Impurity_80_TS_5_embed_P30N_C10N_trial_66,100.0,0.6396991834721208,0.0,0.0402,5,80.0,40.0,40.0,40.0,40.0,7.566666666666666
Impurity_80_TS_5_embed_P30N_C10N_trial_67,100.0,-0.2784155671538215,0.0,0.0399,5,80.0,30.0,30.0,30.0,30.0,5.466666666666667
Impurity_80_TS_5_embed_P30N_C10N_trial_68,100.0,0.322088586478805,0.0,0.0397,5,80.0,35.0,35.0,35.0,35.0,6.3
Impurity_80_TS_5_embed_P30N_C10N_trial_69,100.0,0.8274650451232247,0.0,0.0379,5,80.0,10.0,10.0,10.0,10.0,2.3666666666666667
Impurity_80_TS_5_embed_P30N_C10N_trial_70,100.0,0.7321063379210171,0.0,0.0375999999999999,5,80.0,20.0,20.0,20.0,20.0,3.566666666666667
Impurity_80_TS_5_embed_P30N_C10N_trial_71,100.0,0.7269280070500801,0.0,0.0368999999999999,5,80.0,15.0,15.0,15.0,15.0,2.433333333333333
Impurity_80_TS_5_embed_P30N_C10N_trial_72,100.0,0.3961274039242574,0.0,0.0399,5,80.0,35.0,35.0,35.0,35.0,6.266666666666667
Impurity_80_TS_5_embed_P30N_C10N_trial_73,100.0,0.9020085911002056,0.0,0.0399,5,80.0,55.0,55.0,55.0,55.0,8.966666666666667
Impurity_80_TS_5_embed_P30N_C10N_trial_74,100.0,0.7344896069045591,0.0,0.0390999999999999,5,80.0,30.0,30.0,30.0,30.0,5.933333333333334
Impurity_80_TS_5_embed_P30N_C10N_trial_75,100.0,0.0580620304724846,0.0,0.0378999999999999,5,80.0,30.0,30.0,30.0,30.0,4.7
Impurity_80_TS_5_embed_P30N_C10N_trial_76,100.0,0.4704408644933301,0.0,0.036,5,80.0,10.0,10.0,10.0,10.0,2.0
Impurity_80_TS_5_embed_P30N_C10N_trial_77,100.0,0.8818274767333741,0.0,0.0390999999999999,5,80.0,25.0,25.0,25.0,25.0,4.9
Impurity_80_TS_5_embed_P30N_C10N_trial_78,100.0,0.2147338407746295,0.0,0.038,5,80.0,15.0,15.0,15.0,15.0,2.7666666666666666
Impurity_80_TS_5_embed_P30N_C10N_trial_79,100.0,0.8321011992435354,0.0,0.0384,5,80.0,35.0,35.0,35.0,35.0,6.133333333333334
Impurity_80_TS_5_embed_P30N_C10N_trial_80,100.0,0.8648692563956208,0.0,0.0375,5,80.0,35.0,35.0,35.0,35.0,6.266666666666667
Impurity_80_TS_5_embed_P30N_C10N_trial_81,100.0,-0.1046803756287791,0.0,0.0387,5,80.0,20.0,20.0,20.0,20.0,3.7
Impurity_80_TS_5_embed_P30N_C10N_trial_82,100.0,0.6431926609853524,0.0,0.0376,5,80.0,25.0,25.0,25.0,25.0,5.2
Impurity_80_TS_5_embed_P30N_C10N_trial_83,100.0,0.7967351697830103,0.0,0.0384,5,80.0,10.0,10.0,10.0,10.0,2.0
Impurity_80_TS_5_embed_P30N_C10N_trial_84,100.0,0.7580001086387004,0.0,0.0377,5,80.0,25.0,25.0,25.0,25.0,4.333333333333333
Impurity_80_TS_5_embed_P30N_C10N_trial_85,100.0,0.7798284565866563,0.0,0.0422,5,80.0,55.0,55.0,55.0,55.0,9.6
Impurity_80_TS_5_embed_P30N_C10N_trial_86,100.0,0.7875183790754602,0.0,0.0371,5,80.0,25.0,25.0,25.0,25.0,4.6
Impurity_80_TS_5_embed_P30N_C10N_trial_87,100.0,0.7990770099327686,0.0,0.0396999999999999,5,80.0,45.0,45.0,45.0,45.0,7.633333333333334
Impurity_80_TS_5_embed_P30N_C10N_trial_88,100.0,0.9383774840874995,0.0,0.038,5,80.0,25.0,25.0,25.0,25.0,4.666666666666667
Impurity_80_TS_5_embed_P30N_C10N_trial_89,100.0,0.7479210247087366,0.0,0.039,5,80.0,40.0,40.0,40.0,40.0,6.933333333333334
Impurity_80_TS_5_embed_P30N_C10N_trial_90,100.0,0.4301838955853158,0.0,0.0359,5,80.0,25.0,25.0,25.0,25.0,4.233333333333333
Impurity_80_TS_5_embed_P30N_C10N_trial_91,100.0,0.6424646657984628,0.0,0.0389,5,80.0,45.0,45.0,45.0,45.0,7.866666666666666
Impurity_80_TS_5_embed_P30N_C10N_trial_92,100.0,0.6130044954867666,0.0,0.0398,5,80.0,35.0,35.0,35.0,35.0,6.566666666666666
Impurity_80_TS_5_embed_P30N_C10N_trial_93,100.0,0.8881556520220791,0.0,0.0366999999999999,5,80.0,10.0,10.0,10.0,10.0,2.2666666666666666
Impurity_80_TS_5_embed_P30N_C10N_trial_94,100.0,0.6657189466581449,0.0,0.0390999999999999,5,80.0,25.0,25.0,25.0,25.0,4.133333333333334
Impurity_80_TS_5_embed_P30N_C10N_trial_95,100.0,0.0740700754360553,0.0,0.0392,5,80.0,40.0,40.0,40.0,40.0,6.633333333333334
Impurity_80_TS_5_embed_P30N_C10N_trial_96,100.0,0.9485422561910708,0.0,0.0364,5,80.0,20.0,20.0,20.0,20.0,3.933333333333333
Impurity_80_TS_5_embed_P30N_C10N_trial_97,100.0,0.8544096000056549,0.0,0.0397,5,80.0,50.0,50.0,50.0,50.0,8.7
Impurity_80_TS_5_embed_P30N_C10N_trial_98,100.0,0.6942109430215582,0.0,0.0388,5,80.0,30.0,30.0,30.0,30.0,5.066666666666666
Impurity_80_TS_5_embed_P30N_C10N_trial_99,100.0,0.840635668033551,0.0,0.039,5,80.0,50.0,50.0,50.0,50.0,8.5
Impurity_100_TS_5_embed_P30N_C10N_trial_0,100.0,0.552801108583912,0.0,0.0343,5,100.0,25.0,25.0,25.0,25.0,4.733333333333333
Impurity_100_TS_5_embed_P30N_C10N_trial_1,100.0,0.8704752807274234,0.0,0.0136,5,100.0,15.0,15.0,15.0,15.0,2.466666666666667
Impurity_100_TS_5_embed_P30N_C10N_trial_2,100.0,0.9094655888913934,0.0,0.0353,5,100.0,25.0,25.0,25.0,25.0,4.933333333333334
Impurity_100_TS_5_embed_P30N_C10N_trial_3,100.0,0.9732647237744072,0.0,0.0537,5,100.0,50.0,50.0,50.0,50.0,8.266666666666667
Impurity_100_TS_5_embed_P30N_C10N_trial_4,100.0,0.7467323896268993,0.0,0.0405,5,100.0,30.0,30.0,30.0,30.0,5.033333333333333
Impurity_100_TS_5_embed_P30N_C10N_trial_5,100.0,0.9825508032696376,0.0,0.0128,5,100.0,15.0,15.0,15.0,15.0,3.2333333333333334
Impurity_100_TS_5_embed_P30N_C10N_trial_6,100.0,0.9169463119425726,0.0,0.0372,5,100.0,30.0,30.0,30.0,30.0,5.3
Impurity_100_TS_5_embed_P30N_C10N_trial_7,100.0,0.9881678416968628,0.0,0.0241,5,100.0,20.0,20.0,20.0,20.0,3.8666666666666663
Impurity_100_TS_5_embed_P30N_C10N_trial_8,100.0,0.8305012344889878,0.0,0.0553,5,100.0,55.0,55.0,55.0,55.0,9.466666666666669
Impurity_100_TS_5_embed_P30N_C10N_trial_9,100.0,0.8370548435918893,0.0,0.0532,5,100.0,50.0,50.0,50.0,50.0,8.2
Impurity_100_TS_5_embed_P30N_C10N_trial_10,100.0,0.9378863592282178,0.0,0.0102,5,100.0,10.0,10.0,10.0,10.0,2.2666666666666666
Impurity_100_TS_5_embed_P30N_C10N_trial_11,100.0,0.9636907448050032,0.0,0.0124,5,100.0,15.0,15.0,15.0,15.0,2.7333333333333334
Impurity_100_TS_5_embed_P30N_C10N_trial_12,100.0,0.9509272610512952,0.0,0.0523,5,100.0,45.0,45.0,45.0,45.0,7.466666666666667
Impurity_100_TS_5_embed_P30N_C10N_trial_13,100.0,0.9505426174972242,0.0,0.0354,5,100.0,25.0,25.0,25.0,25.0,4.533333333333333
Impurity_100_TS_5_embed_P30N_C10N_trial_14,100.0,0.9842743923662218,0.0,0.0133,5,100.0,15.0,15.0,15.0,15.0,3.2
Impurity_100_TS_5_embed_P30N_C10N_trial_15,100.0,0.924322177302826,0.0,0.0419,5,100.0,30.0,30.0,30.0,30.0,5.9
Impurity_100_TS_5_embed_P30N_C10N_trial_16,100.0,0.9781441715269634,0.0,0.024,5,100.0,20.0,20.0,20.0,20.0,3.6666666666666665
Impurity_100_TS_5_embed_P30N_C10N_trial_17,100.0,0.9610627966761722,0.0,0.0404,5,100.0,30.0,30.0,30.0,30.0,5.066666666666666
Impurity_100_TS_5_embed_P30N_C10N_trial_18,100.0,0.9188218308212246,0.0,0.0402,5,100.0,30.0,30.0,30.0,30.0,5.733333333333333
Impurity_100_TS_5_embed_P30N_C10N_trial_19,100.0,0.9378734728000456,0.0,0.0482,5,100.0,35.0,35.0,35.0,35.0,6.366666666666666
Impurity_100_TS_5_embed_P30N_C10N_trial_20,100.0,0.8591092676525713,0.0,0.0306,5,100.0,25.0,25.0,25.0,25.0,5.0
Impurity_100_TS_5_embed_P30N_C10N_trial_21,100.0,0.9660505390630166,0.0,0.0124,5,100.0,15.0,15.0,15.0,15.0,2.966666666666667
Impurity_100_TS_5_embed_P30N_C10N_trial_22,100.0,0.9696190375186786,0.0,0.012,5,100.0,10.0,10.0,10.0,10.0,2.333333333333333
Impurity_100_TS_5_embed_P30N_C10N_trial_23,100.0,0.8818662095558831,0.0,0.0516,5,100.0,45.0,45.0,45.0,45.0,7.733333333333333
Impurity_100_TS_5_embed_P30N_C10N_trial_24,100.0,0.9735236417886436,0.0,0.0124,5,100.0,15.0,15.0,15.0,15.0,3.3
Impurity_100_TS_5_embed_P30N_C10N_trial_25,100.0,0.9595700271106784,0.0,0.0128,5,100.0,15.0,15.0,15.0,15.0,2.5
Impurity_100_TS_5_embed_P30N_C10N_trial_26,100.0,0.8659293375848871,0.0,0.0499,5,100.0,40.0,40.0,40.0,40.0,7.5
Impurity_100_TS_5_embed_P30N_C10N_trial_27,100.0,0.9677115155756292,0.0,0.0458,5,100.0,35.0,35.0,35.0,35.0,6.3
Impurity_100_TS_5_embed_P30N_C10N_trial_28,100.0,0.8214729145337827,0.0,0.0424,5,100.0,30.0,30.0,30.0,30.0,5.333333333333333
Impurity_100_TS_5_embed_P30N_C10N_trial_29,100.0,0.9417494419312704,0.0,0.0263,5,100.0,20.0,20.0,20.0,20.0,4.066666666666666
Impurity_100_TS_5_embed_P30N_C10N_trial_30,100.0,0.9280275001106548,0.0,0.0264,5,100.0,20.0,20.0,20.0,20.0,3.566666666666667
Impurity_100_TS_5_embed_P30N_C10N_trial_31,100.0,0.9692690836425812,0.0,0.0132,5,100.0,15.0,15.0,15.0,15.0,2.6333333333333333
Impurity_100_TS_5_embed_P30N_C10N_trial_32,100.0,0.9443653328799038,0.0,0.0268,5,100.0,20.0,20.0,20.0,20.0,3.433333333333333
Impurity_100_TS_5_embed_P30N_C10N_trial_33,100.0,0.9969671431454732,0.0,0.0087,5,100.0,10.0,10.0,10.0,10.0,2.4
Impurity_100_TS_5_embed_P30N_C10N_trial_34,100.0,0.9516356761848144,0.0,0.0453,5,100.0,35.0,35.0,35.0,35.0,6.2
Impurity_100_TS_5_embed_P30N_C10N_trial_35,100.0,0.9860755733781242,0.0,0.0234,5,100.0,20.0,20.0,20.0,20.0,3.7666666666666666
Impurity_100_TS_5_embed_P30N_C10N_trial_36,100.0,0.9574100467686184,0.0,0.0262,5,100.0,20.0,20.0,20.0,20.0,4.166666666666667
Impurity_100_TS_5_embed_P30N_C10N_trial_37,100.0,0.9328502256897604,0.0,0.0477,5,100.0,35.0,35.0,35.0,35.0,5.766666666666667
Impurity_100_TS_5_embed_P30N_C10N_trial_38,100.0,0.9733470046182352,0.0,0.054,5,100.0,50.0,50.0,50.0,50.0,8.733333333333333
Impurity_100_TS_5_embed_P30N_C10N_trial_39,100.0,0.9625464097224856,0.0,0.0209,5,100.0,15.0,15.0,15.0,15.0,3.2666666666666666
Impurity_100_TS_5_embed_P30N_C10N_trial_40,100.0,0.7911381389458048,0.0,0.0471,5,100.0,35.0,35.0,35.0,35.0,6.066666666666666
Impurity_100_TS_5_embed_P30N_C10N_trial_41,100.0,0.9217026954884584,0.0,0.0502,5,100.0,40.0,40.0,40.0,40.0,6.833333333333333
Impurity_100_TS_5_embed_P30N_C10N_trial_42,100.0,0.8970293133988513,0.0,0.0413,5,100.0,30.0,30.0,30.0,30.0,5.333333333333333
Impurity_100_TS_5_embed_P30N_C10N_trial_43,100.0,0.9503411399234633,0.0,0.0498,5,100.0,40.0,40.0,40.0,40.0,7.333333333333333
Impurity_100_TS_5_embed_P30N_C10N_trial_44,100.0,0.8930320028691909,0.0,0.0259,5,100.0,20.0,20.0,20.0,20.0,3.733333333333333
Impurity_100_TS_5_embed_P30N_C10N_trial_45,100.0,0.694010195655629,0.0,0.0552,5,100.0,55.0,55.0,55.0,55.0,9.566666666666666
Impurity_100_TS_5_embed_P30N_C10N_trial_46,100.0,0.9876292044689176,0.0,0.0127,5,100.0,15.0,15.0,15.0,15.0,3.1666666666666665
Impurity_100_TS_5_embed_P30N_C10N_trial_47,100.0,0.9719881713590872,0.0,0.01,5,100.0,10.0,10.0,10.0,10.0,2.333333333333333
Impurity_100_TS_5_embed_P30N_C10N_trial_48,100.0,0.9633728797679336,0.0,0.0269,5,100.0,20.0,20.0,20.0,20.0,3.8666666666666663
Impurity_100_TS_5_embed_P30N_C10N_trial_49,100.0,0.6659384435331014,0.0,0.0346,5,100.0,25.0,25.0,25.0,25.0,4.966666666666667
Impurity_100_TS_5_embed_P30N_C10N_trial_50,100.0,0.3789599483499006,0.0,0.0494,5,100.0,40.0,40.0,40.0,40.0,6.966666666666667
Impurity_100_TS_5_embed_P30N_C10N_trial_51,100.0,0.8822554352048508,0.0,0.054,5,100.0,50.0,50.0,50.0,50.0,8.666666666666666
Impurity_100_TS_5_embed_P30N_C10N_trial_52,100.0,0.7559338437803902,0.0,0.0409,5,100.0,30.0,30.0,30.0,30.0,4.933333333333334
Impurity_100_TS_5_embed_P30N_C10N_trial_53,100.0,0.7688164541421793,0.0,0.0388,5,100.0,30.0,30.0,30.0,30.0,5.466666666666667
Impurity_100_TS_5_embed_P30N_C10N_trial_54,100.0,0.9567718962792464,0.0,0.0376,5,100.0,25.0,25.0,25.0,25.0,4.866666666666666
Impurity_100_TS_5_embed_P30N_C10N_trial_55,100.0,0.8579479632025744,0.0,0.0537,5,100.0,55.0,55.0,55.0,55.0,9.366666666666667
Impurity_100_TS_5_embed_P30N_C10N_trial_56,100.0,0.9640402693410618,0.0,0.0246,5,100.0,20.0,20.0,20.0,20.0,3.733333333333333
Impurity_100_TS_5_embed_P30N_C10N_trial_57,100.0,0.4142505043012368,0.0,0.0478,5,100.0,35.0,35.0,35.0,35.0,6.333333333333333
Impurity_100_TS_5_embed_P30N_C10N_trial_58,100.0,0.7843021873935462,0.0,0.055,5,100.0,55.0,55.0,55.0,55.0,9.333333333333334
Impurity_100_TS_5_embed_P30N_C10N_trial_59,100.0,0.7892374383910155,0.0,0.0229,5,100.0,20.0,20.0,20.0,20.0,3.466666666666667
Impurity_100_TS_5_embed_P30N_C10N_trial_60,100.0,0.9757384881039626,0.0,0.019,5,100.0,15.0,15.0,15.0,15.0,2.566666666666667
Impurity_100_TS_5_embed_P30N_C10N_trial_61,100.0,0.954667815101746,0.0,0.0243,5,100.0,20.0,20.0,20.0,20.0,3.8
Impurity_100_TS_5_embed_P30N_C10N_trial_62,100.0,0.9502137384995886,0.0,0.0553,5,100.0,55.0,55.0,55.0,55.0,9.766666666666667
Impurity_100_TS_5_embed_P30N_C10N_trial_63,100.0,0.9799659946914756,0.0,0.0201,5,100.0,15.0,15.0,15.0,15.0,2.9
Impurity_100_TS_5_embed_P30N_C10N_trial_64,100.0,0.9915528026223954,0.0,0.0113,5,100.0,10.0,10.0,10.0,10.0,1.9666666666666663
Impurity_100_TS_5_embed_P30N_C10N_trial_65,100.0,0.9453722224830288,0.0,0.044,5,100.0,35.0,35.0,35.0,35.0,6.366666666666666
Impurity_100_TS_5_embed_P30N_C10N_trial_66,100.0,0.9813463159784802,0.0,0.0104,5,100.0,10.0,10.0,10.0,10.0,2.3
Impurity_100_TS_5_embed_P30N_C10N_trial_67,100.0,0.9674902055349828,0.0,0.0403,5,100.0,30.0,30.0,30.0,30.0,5.366666666666666
Impurity_100_TS_5_embed_P30N_C10N_trial_68,100.0,0.9601417355296784,0.0,0.0128,5,100.0,15.0,15.0,15.0,15.0,2.8
Impurity_100_TS_5_embed_P30N_C10N_trial_69,100.0,0.9523501426358404,0.0,0.0253,5,100.0,20.0,20.0,20.0,20.0,3.933333333333333
Impurity_100_TS_5_embed_P30N_C10N_trial_70,100.0,0.9782954836569546,0.0,0.0029,5,100.0,10.0,10.0,10.0,10.0,2.333333333333333
Impurity_100_TS_5_embed_P30N_C10N_trial_71,100.0,0.965281206097262,0.0,0.0225,5,100.0,20.0,20.0,20.0,20.0,3.466666666666667
Impurity_100_TS_5_embed_P30N_C10N_trial_72,100.0,0.9317909971119837,0.0,0.0567,5,100.0,55.0,55.0,55.0,55.0,8.466666666666667
Impurity_100_TS_5_embed_P30N_C10N_trial_73,100.0,0.9761080254974008,0.0,0.0493,5,100.0,40.0,40.0,40.0,40.0,6.9
Impurity_100_TS_5_embed_P30N_C10N_trial_74,100.0,0.955437620619912,0.0,0.0322,5,100.0,25.0,25.0,25.0,25.0,4.233333333333333
Impurity_100_TS_5_embed_P30N_C10N_trial_75,100.0,0.8800354606202199,0.0,0.0503,5,100.0,40.0,40.0,40.0,40.0,7.066666666666666
Impurity_100_TS_5_embed_P30N_C10N_trial_76,100.0,0.9728828958459248,0.0,0.0392,5,100.0,30.0,30.0,30.0,30.0,5.366666666666666
Impurity_100_TS_5_embed_P30N_C10N_trial_77,100.0,0.9515742471511764,0.0,0.0236,5,100.0,20.0,20.0,20.0,20.0,3.566666666666667
Impurity_100_TS_5_embed_P30N_C10N_trial_78,100.0,0.860091340857311,0.0,0.0536,5,100.0,50.0,50.0,50.0,50.0,8.8
Impurity_100_TS_5_embed_P30N_C10N_trial_79,100.0,0.9421341206339836,0.0,0.04,5,100.0,30.0,30.0,30.0,30.0,5.266666666666667
Impurity_100_TS_5_embed_P30N_C10N_trial_80,100.0,0.9013429938531076,0.0,0.0364,5,100.0,25.0,25.0,25.0,25.0,4.733333333333333
Impurity_100_TS_5_embed_P30N_C10N_trial_81,100.0,0.9837574077188664,0.0,0.0222,5,100.0,15.0,15.0,15.0,15.0,2.5
Impurity_100_TS_5_embed_P30N_C10N_trial_82,100.0,0.5060301081347642,0.0,0.0533,5,100.0,55.0,55.0,55.0,55.0,9.233333333333333
Impurity_100_TS_5_embed_P30N_C10N_trial_83,100.0,0.9535119561342597,0.0,0.0255,5,100.0,20.0,20.0,20.0,20.0,4.1
Impurity_100_TS_5_embed_P30N_C10N_trial_84,100.0,0.9894355899328549,0.0,0.0068,5,100.0,10.0,10.0,10.0,10.0,2.2666666666666666
Impurity_100_TS_5_embed_P30N_C10N_trial_85,100.0,0.9361311007139672,0.0,0.0008,5,100.0,10.0,10.0,10.0,10.0,1.9666666666666663
Impurity_100_TS_5_embed_P30N_C10N_trial_86,100.0,0.8352886870956234,0.0,0.0496,5,100.0,40.0,40.0,40.0,40.0,7.233333333333333
Impurity_100_TS_5_embed_P30N_C10N_trial_87,100.0,0.6682177531415583,0.0,0.0203,5,100.0,15.0,15.0,15.0,15.0,3.2666666666666666
Impurity_100_TS_5_embed_P30N_C10N_trial_88,100.0,0.9942250153535684,0.0,0.0128,5,100.0,15.0,15.0,15.0,15.0,2.833333333333333
Impurity_100_TS_5_embed_P30N_C10N_trial_89,100.0,0.6356099846651411,0.0,0.0329,5,100.0,25.0,25.0,25.0,25.0,4.833333333333333
Impurity_100_TS_5_embed_P30N_C10N_trial_90,100.0,0.971688152887336,0.0,0.0343,5,100.0,25.0,25.0,25.0,25.0,4.4
Impurity_100_TS_5_embed_P30N_C10N_trial_91,100.0,0.8711089135116552,0.0,0.0457,5,100.0,35.0,35.0,35.0,35.0,6.4
Impurity_100_TS_5_embed_P30N_C10N_trial_92,100.0,0.9755704925489688,0.0,0.0241,5,100.0,20.0,20.0,20.0,20.0,4.033333333333333
Impurity_100_TS_5_embed_P30N_C10N_trial_93,100.0,0.9511160336184448,0.0,0.0249,5,100.0,20.0,20.0,20.0,20.0,3.3
Impurity_100_TS_5_embed_P30N_C10N_trial_94,100.0,0.9443490969679176,0.0,0.0484,5,100.0,40.0,40.0,40.0,40.0,6.733333333333333
Impurity_100_TS_5_embed_P30N_C10N_trial_95,100.0,0.972366528535346,0.0,0.0535,5,100.0,50.0,50.0,50.0,50.0,8.433333333333334
Impurity_100_TS_5_embed_P30N_C10N_trial_96,100.0,0.976219401876882,0.0,0.0174,5,100.0,15.0,15.0,15.0,15.0,2.933333333333333
Impurity_100_TS_5_embed_P30N_C10N_trial_97,100.0,0.9280571248038828,0.0,0.0509,5,100.0,40.0,40.0,40.0,40.0,7.333333333333333
Impurity_100_TS_5_embed_P30N_C10N_trial_98,100.0,0.9544499742003948,0.0,0.0351,5,100.0,25.0,25.0,25.0,25.0,4.566666666666666
Impurity_100_TS_5_embed_P30N_C10N_trial_99,100.0,0.94648787197791,0.0,0.0332,5,100.0,25.0,25.0,25.0,25.0,4.3
